ID produit,ID commune A,Pays A,Code commune A,Code INSEE A,Ville A,ID commune B,Pays B,Code commune B,Code INSEE B,Ville B,Slug,Titre produit,Distance itinéraire (m),Distance vol d’oiseau (m),Retenu comme produit,Itinéraire < 60 km,Vol d’oiseau < 40 km,Marge seuil itinéraire (m),Marge seuil vol d’oiseau (m),À ±250 m du seuil itinéraire,À ±250 m du seuil vol d’oiseau,Classification,Chapitre ancre A,Chapitre ancre B,Chaînage ancre A (m),Chaînage ancre B (m),Plus court chemin via origine,Pas echantillonnage m,Commerce proche A,Commerce proche B,Commerce A → trace (m),Commerce B → trace (m),Contrôle qualité,Source trace GPX
FR-80010__FR-80021,FR-80010,FR,80010,80010,Ailly-sur-Noye,FR-80021,FR,80021,80021,Amiens,ailly-sur-noye-a-amiens,Ailly-sur-Noye – Amiens à vélo,60136.96128561016,16018.311122623467,true,false,true,-136.9612856101594,23981.68887737653,true,false,Vol d’oiseau uniquement,Beauvais → Amiens,Amiens → Étaples,459004.9699337393,519141.93121934944,false,10,Cocci Market,Canal Pain,8.4635849046826,5.274851052225093,Proche seuil strict 60 km,https://cms.gthf.fr
FR-62019__FR-59008,FR-62019,FR,62019,62019,Aix-Noulette,FR-59008,FR,59008,59008,Aniche,aix-noulette-a-aniche,Aix-Noulette – Aniche à vélo,82674.01440153853,39837.37873539402,true,false,true,-22674.01440153853,162.62126460597938,false,true,Vol d’oiseau uniquement,Lille → Arras,Arras → Condé-sur-l’Escaut,1125374.1663694703,1208048.1807710088,false,10,Sans nom,Lidl,1241.662392709341,699.9122391221376,Proche seuil strict 40 km,https://cms.gthf.fr
FR-62041__FR-59375,FR-62041,FR,62041,62041,Arras,FR-59375,FR,59375,59375,Marchiennes,arras-a-marchiennes,Arras – Marchiennes à vélo,59987.48340802919,37987.49290471782,true,true,true,12.516591970808804,2012.507095282177,true,false,Les deux critères,Arras → Condé-sur-l’Escaut,Arras → Condé-sur-l’Escaut,1161706.0219298773,1221693.5053379065,false,10,Carrefour City,Au Fournil de Marchiennes,7.5497881248098375,99.15181637464094,Proche seuil strict 60 km,https://cms.gthf.fr
FR-59024__FR-59331,FR-59024,FR,59024,59024,Auberchicourt,FR-59331,FR,59331,59331,Landrecies,auberchicourt-a-landrecies,Auberchicourt – Landrecies à vélo,110696.89211256243,39881.72428842636,true,false,true,-50696.89211256243,118.27571157363855,false,true,Vol d’oiseau uniquement,Arras → Condé-sur-l’Escaut,Condé-sur-l’Escaut → Hirson,1208226.809155832,1318923.7012683945,false,10,Match,Boulangerie Mr & Mme Desprez,442.5408281853761,1334.6485029241908,Proche seuil strict 40 km,https://cms.gthf.fr
FR-62065__FR-59632,FR-62065,FR,62065,62065,Avion,FR-59632,FR,59632,59632,Wallers,avion-a-wallers,Avion – Wallers à vélo,134241.93565055542,39930.24610227123,true,false,true,-74241.93565055542,69.75389772876952,false,true,Vol d’oiseau uniquement,Lille → Arras,Arras → Condé-sur-l’Escaut,1101110.8325840312,1235352.7682345866,false,10,Carrefour Market,Banette,148.44646906369638,3179.8403028907114,B >2 km du commerce; Proche seuil strict 40 km,https://cms.gthf.fr
FR-59106__FR-59484,FR-59106,FR,59106,59106,Bouvines,FR-59484,FR,59484,59484,Quiévrechain,bouvines-a-quievrechain,Bouvines – Quiévrechain à vélo,218347.60979918018,39789.97537376779,true,false,true,-158347.60979918018,210.02462623221072,false,true,Vol d’oiseau uniquement,Lille → Arras,Condé-sur-l’Escaut → Hirson,1055779.005297932,1274126.6150971123,false,10,Epicerie,Ô Discount,1722.2452848476603,128.82003602279502,Proche seuil strict 40 km,https://cms.gthf.fr
FR-59106__FR-62801,FR-59106,FR,59106,59106,Bouvines,FR-62801,FR,62801,62801,Souchez,bouvines-a-souchez,Bouvines – Souchez à vélo,60045.94608684955,38068.53365386511,true,false,true,-45.94608684955165,1931.46634613489,true,false,Vol d’oiseau uniquement,Lille → Arras,Lille → Arras,1055779.005297932,1115824.9513847816,false,10,Epicerie,CocciMarket,1722.2452848476603,74.61496670195623,Proche seuil strict 60 km,https://cms.gthf.fr
FR-62235__FR-62193,FR-62235,FR,62235,62235,Condette,FR-62193,FR,62193,62193,Calais,condette-a-calais,Condette – Calais à vélo,60077.53058920882,36652.16218538554,true,false,true,-77.53058920882177,3347.8378146144605,true,false,Vol d’oiseau uniquement,Étaples → Calais,Étaples → Calais,742678.6054198752,802756.1360090841,false,10,Passion & Gourmandise - Boulangerie Pâtisserie,Vrac'Opale,307.08438402448184,11.486984393044546,Proche seuil strict 60 km,https://cms.gthf.fr
FR-62235__FR-62548,FR-62235,FR,62235,62235,Condette,FR-62548,FR,62548,62548,Marck,condette-a-marck,Condette – Marck à vélo,72000.40257614187,39890.39591159363,true,false,true,-12000.402576141874,109.60408840636956,false,true,Vol d’oiseau uniquement,Étaples → Calais,Calais → Saint-Omer,742678.6054198752,814679.0079960171,false,10,Passion & Gourmandise - Boulangerie Pâtisserie,Carrefour Market,307.08438402448184,1035.2401164370722,Proche seuil strict 40 km,https://cms.gthf.fr
FR-59155__FR-59043,FR-59155,FR,59155,59155,Coudekerque-Branche,FR-59043,FR,59043,59043,Bailleul,coudekerque-branche-a-bailleul,Coudekerque-Branche – Bailleul à vélo,126941.79106383119,39769.63198749171,true,false,true,-66941.79106383119,230.36801250829012,false,true,Vol d’oiseau uniquement,Calais → Saint-Omer,Saint-Omer → Lille,877113.1953162496,1004054.9863800808,false,10,Vandecasteele,Karina Durik,27.31530058674767,7.943732633354811,Proche seuil strict 40 km,https://cms.gthf.fr
FR-59168__FR-62609,FR-59168,FR,59168,59168,Cysoing,FR-62609,FR,62609,62609,Neuville-Saint-Vaast,cysoing-a-neuville-saint-vaast,Cysoing – Neuville-Saint-Vaast à vélo,52828.72539533442,39826.037228235684,true,true,true,7171.274604665581,173.96277176431613,false,true,Les deux critères,Lille → Arras,Lille → Arras,1059261.948575592,1112090.6739709263,false,10,Boulangerie Alvin,La Neuvilloise,2123.4700182803126,1789.3222958803524,A >2 km du commerce; Proche seuil strict 40 km,https://cms.gthf.fr
FR-62279__FR-59008,FR-62279,FR,62279,62279,Duisans,FR-59008,FR,59008,59008,Aniche,duisans-a-aniche,Duisans – Aniche à vélo,54019.38473731815,40171.22186689313,true,true,false,5980.615262681851,-171.22186689313094,false,true,Itinéraire uniquement,Lille → Arras,Arras → Condé-sur-l’Escaut,1154028.7960336907,1208048.1807710088,false,10,Sans nom,Lidl,996.7479362970672,699.9122391221376,Proche seuil strict 40 km,https://cms.gthf.fr
FR-59183__FR-59401,FR-59183,FR,59183,59183,Dunkerque,FR-59401,FR,59401,59401,Méteren,dunkerque-a-meteren,Dunkerque – Méteren à vélo,118459.4492584042,39769.25699495819,true,false,true,-58459.4492584042,230.74300504181156,false,true,Vol d’oiseau uniquement,Calais → Saint-Omer,Saint-Omer → Lille,865223.1580132572,983682.6072716614,false,10,Epicerie St Nicolas,Au Pain de Campagne,6.90184572436131,4627.149952670887,B >2 km du commerce; Proche seuil strict 40 km,https://cms.gthf.fr
FR-59253__FR-59331,FR-59253,FR,59253,59253,Fresnes-sur-Escaut,FR-59331,FR,59331,59331,Landrecies,fresnes-sur-escaut-a-landrecies,Fresnes-sur-Escaut – Landrecies à vélo,60176.7442959554,35192.10822988125,true,false,true,-176.74429595540278,4807.891770118753,true,false,Vol d’oiseau uniquement,Arras → Condé-sur-l’Escaut,Condé-sur-l’Escaut → Hirson,1258746.956972439,1318923.7012683945,false,10,Le Fournil de l'Escaut,Boulangerie Mr & Mme Desprez,1421.3247931417015,1334.6485029241908,Proche seuil strict 60 km,https://cms.gthf.fr
FR-59328__FR-62323,FR-59328,FR,59328,59328,Lambersart,FR-62323,FR,62323,62323,Fampoux,lambersart-a-fampoux,Lambersart – Fampoux à vélo,133281.32084803807,39896.19636829103,true,false,true,-73281.32084803807,103.8036317089718,false,true,Vol d’oiseau uniquement,Saint-Omer → Lille,Arras → Condé-sur-l’Escaut,1036021.0361826498,1169302.3570306879,false,10,Le Pain d'Adrien,Au Cellier,19.051145502801646,298.0573308949755,Proche seuil strict 40 km,https://cms.gthf.fr
FR-02408__FR-02758,FR-02408,FR,02408,02408,Laon,FR-02758,FR,02758,02758,Vailly-sur-Aisne,laon-a-vailly-sur-aisne,Laon – Vailly-sur-Aisne à vélo,60179.710668027576,18725.114541528288,true,false,true,-179.7106680275756,21274.885458471712,true,false,Vol d’oiseau uniquement,Hirson → Soissons,Hirson → Soissons,121288.1520471239,181467.86271515148,false,10,L'Aontraide,Boulangerie Pesta,4.645453975649975,872.2372563877416,Proche seuil strict 60 km,https://cms.gthf.fr
FR-62498__FR-62764,FR-62498,FR,62498,62498,Lens,FR-62764,FR,62764,62764,Saint-Nicolas,lens-a-saint-nicolas,Lens – Saint-Nicolas à vélo,60089.29278166522,14613.031780369272,true,false,true,-89.29278166522272,25386.968219630726,true,false,Vol d’oiseau uniquement,Lille → Arras,Arras → Condé-sur-l’Escaut,1102556.0623232117,1162645.355104877,false,10,Total Access,Simplicité par Jim,251.52383728975835,218.93617964211907,Proche seuil strict 60 km,https://cms.gthf.fr
FR-80488__FR-80039,FR-80488,FR,80488,80488,Longpré-les-Corps-Saints,FR-80039,FR,80039,80039,Ault,longpre-les-corps-saints-a-ault,Longpré-les-Corps-Saints – Ault à vélo,52904.035701049026,40152.83048014115,true,true,false,7095.964298950974,-152.83048014115047,false,true,Itinéraire uniquement,Amiens → Étaples,Amiens → Étaples,547521.4500365148,600425.4857375638,false,10,Carrefour Contact,Spar Express,1505.0868379432843,6.164793193916332,Proche seuil strict 40 km,https://cms.gthf.fr
FR-02469__FR-02408,FR-02469,FR,02469,02469,Marly-Gomont,FR-02408,FR,02408,02408,Laon,marly-gomont-a-laon,Marly-Gomont – Laon à vélo,96103.60563740207,39863.065784370774,true,false,true,-36103.60563740207,136.93421562922595,false,true,Vol d’oiseau uniquement,Hirson → Soissons,Hirson → Soissons,25184.546409721832,121288.1520471239,false,10,Proxi,L'Aontraide,8.75172437506933,4.645453975649975,Proche seuil strict 40 km,https://cms.gthf.fr
FR-62604__FR-62193,FR-62604,FR,62604,62604,Neufchâtel-Hardelot,FR-62193,FR,62193,62193,Calais,neufchatel-hardelot-a-calais,Neufchâtel-Hardelot – Calais à vélo,62115.137514825794,39998.519822258524,true,false,true,-2115.137514825794,1.4801777414759272,false,true,Vol d’oiseau uniquement,Étaples → Calais,Étaples → Calais,740640.9984942583,802756.1360090841,false,10,Carrefour City,Vrac'Opale,1952.7147817647071,11.486984393044546,Proche seuil strict 40 km,https://cms.gthf.fr
FR-62609__FR-62718,FR-62609,FR,62609,62609,Neuville-Saint-Vaast,FR-62718,FR,62718,62718,Rœux,neuville-saint-vaast-a-rux,Neuville-Saint-Vaast – Rœux à vélo,60102.52939685411,11850.59490781618,true,false,true,-102.5293968541082,28149.40509218382,true,false,Vol d’oiseau uniquement,Lille → Arras,Arras → Condé-sur-l’Escaut,1112090.6739709263,1172193.2033677804,false,10,La Neuvilloise,Boulangerie Bertrand et Vanessa Chrétien,1789.3222958803524,243.77819055847237,Proche seuil strict 60 km,https://cms.gthf.fr
FR-59456__FR-59065,FR-59456,FR,59456,59456,Pecquencourt,FR-59065,FR,59065,59065,Bellignies,pecquencourt-a-bellignies,Pecquencourt – Bellignies à vélo,70657.40049649379,39896.1563315269,true,false,true,-10657.400496493792,103.84366847309866,false,true,Vol d’oiseau uniquement,Arras → Condé-sur-l’Escaut,Condé-sur-l’Escaut → Hirson,1217454.0451580693,1288111.4456545631,false,10,Total,Bellishop,1693.816254384257,266.7553584435249,Proche seuil strict 40 km,https://cms.gthf.fr
FR-80618__FR-62108,FR-80618,FR,80618,80618,Pendé,FR-62108,FR,62108,62108,Berck,pende-a-berck,Pendé – Berck à vélo,59941.951776989736,27789.78403586996,true,true,true,58.04822301026434,12210.215964130039,true,false,Les deux critères,Amiens → Étaples,Amiens → Étaples,629715.7030496108,689657.6548266006,false,10,Sans nom,Sophie Lebreuilly,1549.987096694217,34.72742698346863,Proche seuil strict 60 km,https://cms.gthf.fr
FR-80650__FR-80635,FR-80650,FR,80650,80650,Querrieu,FR-80635,FR,80635,80635,Pont-Remy,querrieu-a-pont-remy,Querrieu – Pont-Remy à vélo,59255.97487551917,40003.25036297772,true,true,false,744.0251244808314,-3.250362977720215,false,true,Itinéraire uniquement,Beauvais → Amiens,Amiens → Étaples,497398.6360270786,556654.6109025978,false,10,CocciMarket,Sans nom,115.81508338869811,52.15907207936091,Proche seuil strict 40 km,https://cms.gthf.fr
FR-59523__FR-59160,FR-59523,FR,59523,59523,Sainghin-en-Mélantois,FR-59160,FR,59160,59160,Crespin,sainghin-en-melantois-a-crespin,Sainghin-en-Mélantois – Crespin à vélo,211071.83894105465,39861.21033557166,true,false,true,-151071.83894105465,138.78966442833917,false,true,Vol d’oiseau uniquement,Lille → Arras,Condé-sur-l’Escaut → Hirson,1059548.0526899851,1270619.8916310398,false,10,Carrefour Express,Sans nom,1089.7531241818072,308.1032079682731,Proche seuil strict 40 km,https://cms.gthf.fr
FR-59523__FR-62443,FR-59523,FR,59523,59523,Sainghin-en-Mélantois,FR-62443,FR,62443,62443,Hersin-Coupigny,sainghin-en-melantois-a-hersin-coupigny,Sainghin-en-Mélantois – Hersin-Coupigny à vélo,71467.67943052738,39842.53175550172,true,false,true,-11467.67943052738,157.46824449828273,false,true,Vol d’oiseau uniquement,Lille → Arras,Lille → Arras,1059548.0526899851,1131015.7321205125,false,10,Carrefour Express,Sans nom,1089.7531241818072,2710.830053718542,B >2 km du commerce; Proche seuil strict 40 km,https://cms.gthf.fr
FR-59535__FR-62065,FR-59535,FR,59535,59535,Saint-Jans-Cappel,FR-62065,FR,62065,62065,Avion,saint-jans-cappel-a-avion,Saint-Jans-Cappel – Avion à vélo,112212.09508101642,39794.98943659099,true,false,true,-52212.09508101642,205.01056340900686,false,true,Vol d’oiseau uniquement,Saint-Omer → Lille,Lille → Arras,988898.7375030147,1101110.8325840312,false,10,Du pain sur la planche,Carrefour Market,1481.9141891300046,148.44646906369638,Proche seuil strict 40 km,https://cms.gthf.fr
FR-80721__FR-62688,FR-80721,FR,80721,80721,Saint-Valery-sur-Somme,FR-62688,FR,62688,62688,Rang-du-Fliers,saint-valery-sur-somme-a-rang-du-fliers,Saint-Valery-sur-Somme – Rang-du-Fliers à vélo,59812.69316901849,25757.034194771393,true,true,true,187.30683098151349,14242.965805228607,true,false,Les deux critères,Amiens → Étaples,Amiens → Étaples,633271.5263224631,693084.2194914815,false,10,Les Gourmands de St Val,Ronde des Pains,3.69098275529194,10.05451911138779,Proche seuil strict 60 km,https://cms.gthf.fr
FR-62746__FR-62297,FR-62746,FR,62746,62746,Saint-Étienne-au-Mont,FR-62297,FR,62297,62297,Éperlecques,saint-etienne-au-mont-a-eperlecques,Saint-Étienne-au-Mont – Éperlecques à vélo,176809.74144132144,39799.765042500316,true,false,true,-116809.74144132144,200.23495749968424,false,true,Vol d’oiseau uniquement,Étaples → Calais,Calais → Saint-Omer,745113.5765608259,921923.3180021474,false,10,Intermarché Super,Carrefour Market,2179.862660439787,681.2446649641155,A >2 km du commerce; Proche seuil strict 40 km,https://cms.gthf.fr
FR-59586__BE-53039,FR-59586,FR,59586,59586,Templeuve-en-Pévèle,BE-53039,BE,53039,,Hensies,templeuve-en-pevele-a-hensies,Templeuve-en-Pévèle – Hensies à vélo,207397.31792091718,39766.090115440966,true,false,true,-147397.31792091718,233.90988455903425,false,true,Vol d’oiseau uniquement,Lille → Arras,Condé-sur-l’Escaut → Hirson,1063364.3048925481,1270761.6228134653,false,10,Les Maraîchers de Bonnace,Boulangerie Pâtisserie Hensitoise,544.6281678276696,1622.1664201651024,Proche seuil strict 40 km,https://cms.gthf.fr
FR-59602__FR-59160,FR-59602,FR,59602,59602,Tressin,FR-59160,FR,59160,59160,Crespin,tressin-a-crespin,Tressin – Crespin à vélo,217466.0843381486,39877.97116975665,true,false,true,-157466.0843381486,122.02883024334733,false,true,Vol d’oiseau uniquement,Lille → Arras,Condé-sur-l’Escaut → Hirson,1053153.8072928912,1270619.8916310398,false,10,Grégoire Motte,Sans nom,503.456669009468,308.1032079682731,Proche seuil strict 40 km,https://cms.gthf.fr
FR-59611__FR-59284,FR-59611,FR,59611,59611,Verlinghem,FR-59284,FR,59284,59284,Hasnon,verlinghem-a-hasnon,Verlinghem – Hasnon à vélo,199392.46882304957,39830.12334363653,true,false,true,-139392.46882304957,169.87665636347083,false,true,Vol d’oiseau uniquement,Saint-Omer → Lille,Arras → Condé-sur-l’Escaut,1031147.6630964944,1230540.131919544,false,10,Boulangerie Pâtisserie Vincent,Carrefour Contact,2524.22670233171,1099.835127542348,A >2 km du commerce; Proche seuil strict 40 km,https://cms.gthf.fr
FR-59611__FR-59345,FR-59611,FR,59611,59611,Verlinghem,FR-59345,FR,59345,59345,Lewarde,verlinghem-a-lewarde,Verlinghem – Lewarde à vélo,171320.67025506322,39761.22564015767,true,false,true,-111320.67025506322,238.77435984233307,false,true,Vol d’oiseau uniquement,Saint-Omer → Lille,Arras → Condé-sur-l’Escaut,1031147.6630964944,1202468.3333515576,false,10,Boulangerie Pâtisserie Vincent,Aux Délices de Lewarde,2524.22670233171,746.2592234833468,A >2 km du commerce; Proche seuil strict 40 km,https://cms.gthf.fr
FR-59611__FR-59390,FR-59611,FR,59611,59611,Verlinghem,FR-59390,FR,59390,59390,Masny,verlinghem-a-masny,Verlinghem – Masny à vélo,173523.09244086,39827.70781686137,true,false,true,-113523.09244086,172.29218313862657,false,true,Vol d’oiseau uniquement,Saint-Omer → Lille,Arras → Condé-sur-l’Escaut,1031147.6630964944,1204670.7555373544,false,10,Boulangerie Pâtisserie Vincent,Intermarché Super,2524.22670233171,60.28302570012927,A >2 km du commerce; Proche seuil strict 40 km,https://cms.gthf.fr
FR-59611__FR-62609,FR-59611,FR,59611,59611,Verlinghem,FR-62609,FR,62609,62609,Neuville-Saint-Vaast,verlinghem-a-neuville-saint-vaast,Verlinghem – Neuville-Saint-Vaast à vélo,80943.01087443193,39916.41572766927,true,false,true,-20943.01087443193,83.58427233072871,false,true,Vol d’oiseau uniquement,Saint-Omer → Lille,Lille → Arras,1031147.6630964944,1112090.6739709263,false,10,Boulangerie Pâtisserie Vincent,La Neuvilloise,2524.22670233171,1789.3222958803524,A >2 km du commerce; Proche seuil strict 40 km,https://cms.gthf.fr
FR-59009__FR-62323,FR-59009,FR,59009,59009,Villeneuve-d'Ascq,FR-62323,FR,62323,62323,Fampoux,villeneuve-d-ascq-a-fampoux,Villeneuve-d'Ascq – Fampoux à vélo,120844.28357411374,39935.11687804349,true,false,true,-60844.28357411374,64.88312195651088,false,true,Vol d’oiseau uniquement,Lille → Arras,Arras → Condé-sur-l’Escaut,1048458.0734565741,1169302.3570306879,false,10,Og Boulangerie,Au Cellier,17.756864342210488,298.0573308949755,Proche seuil strict 40 km,https://cms.gthf.fr
FR-59630__FR-59153,FR-59630,FR,59630,59630,Wahagnies,FR-59153,FR,59153,59153,Condé-sur-l'Escaut,wahagnies-a-conde-sur-l-escaut,Wahagnies – Condé-sur-l'Escaut à vélo,180898.64387822873,39804.06952179233,true,false,true,-120898.64387822873,195.93047820767242,false,true,Vol d’oiseau uniquement,Lille → Arras,Arras → Condé-sur-l’Escaut,1077612.2038299153,1258510.847708144,false,10,Proxi,Au Four À Bois,231.23208449214695,12.424394132792955,Proche seuil strict 40 km,https://cms.gthf.fr
FR-80001__FR-62588,FR-80001,FR,80001,80001,Abbeville,FR-62588,FR,62588,62588,Montreuil-sur-Mer,abbeville-a-montreuil-sur-mer,Abbeville – Montreuil-sur-Mer à vélo,140143.00365246413,40125.78043479743,false,false,false,-80143.00365246413,-125.78043479743064,false,true,Non retenu,Amiens → Étaples,Amiens → Étaples,566269.5746448501,706412.5782973142,false,10,Carrefour Market,Debove Legumes Frais,85.82902054106704,7.289983310326011,Non retenue (seuils stricts); Proche seuil strict 40 km,https://cms.gthf.fr
FR-62004__FR-59375,FR-62004,FR,62004,62004,Achicourt,FR-59375,FR,59375,59375,Marchiennes,achicourt-a-marchiennes,Achicourt – Marchiennes à vélo,63336.98744171229,40194.25585997816,false,false,false,-3336.987441712292,-194.25585997816233,false,true,Non retenu,Lille → Arras,Arras → Condé-sur-l’Escaut,1158356.5178961942,1221693.5053379065,false,10,Sans nom,Au Fournil de Marchiennes,740.0322644162629,99.15181637464094,Non retenue (seuils stricts); Proche seuil strict 40 km,https://cms.gthf.fr
FR-02011__FR-60509,FR-02011,FR,02011,02011,Ambleny,FR-60509,FR,60509,60509,Pont-Sainte-Maxence,ambleny-a-pont-sainte-maxence,Ambleny – Pont-Sainte-Maxence à vélo,60053.89030830207,43029.41909396653,false,false,false,-53.89030830207048,-3029.4190939665277,true,false,Non retenu,Soissons → Beauvais,Soissons → Beauvais,213240.7166550433,273294.6069633454,false,10,Boulangerie Pâtisserie Dhoury,E.Leclerc,1916.3382057079396,1377.278520599439,Non retenue (seuils stricts); Proche seuil strict 60 km,https://cms.gthf.fr
FR-59024__FR-59053,FR-59024,FR,59024,59024,Auberchicourt,FR-59053,FR,59053,59053,Bavay,auberchicourt-a-bavay,Auberchicourt – Bavay à vélo,84246.70289354818,40048.2072974111,false,false,false,-24246.70289354818,-48.20729741109972,false,true,Non retenu,Arras → Condé-sur-l’Escaut,Condé-sur-l’Escaut → Hirson,1208226.809155832,1292473.5120493802,false,10,Match,Les Halles Romaines,442.5408281853761,14.369659508928764,Non retenue (seuils stricts); Proche seuil strict 40 km,https://cms.gthf.fr
FR-59054__FR-62443,FR-59054,FR,59054,59054,Bavinchove,FR-62443,FR,62443,62443,Hersin-Coupigny,bavinchove-a-hersin-coupigny,Bavinchove – Hersin-Coupigny à vélo,169165.4476714508,40037.445915368706,false,false,false,-109165.44767145079,-37.445915368705755,false,true,Non retenu,Saint-Omer → Lille,Lille → Arras,961850.2844490617,1131015.7321205125,false,10,Boucherie,Sans nom,1690.626484065449,2710.830053718542,B >2 km du commerce; Non retenue (seuils stricts); Proche seuil strict 40 km,https://cms.gthf.fr
FR-59054__FR-59611,FR-59054,FR,59054,59054,Bavinchove,FR-59611,FR,59611,59611,Verlinghem,bavinchove-a-verlinghem,Bavinchove – Verlinghem à vélo,69297.37864743266,40128.36409802798,false,false,false,-9297.378647432663,-128.36409802798153,false,true,Non retenu,Saint-Omer → Lille,Saint-Omer → Lille,961850.2844490617,1031147.6630964944,false,10,Boucherie,Boulangerie Pâtisserie Vincent,1690.626484065449,2524.22670233171,B >2 km du commerce; Non retenue (seuils stricts); Proche seuil strict 40 km,https://cms.gthf.fr
FR-62108__FR-62893,FR-62108,FR,62108,62108,Berck,FR-62893,FR,62893,62893,Wimereux,berck-a-wimereux,Berck – Wimereux à vélo,70374.5578130614,40246.55257016968,false,false,false,-10374.557813061401,-246.55257016968244,false,true,Non retenu,Amiens → Étaples,Étaples → Calais,689657.6548266006,760032.212639662,false,10,Sophie Lebreuilly,Intermarché Contact,34.72742698346863,97.82329586176108,Non retenue (seuils stricts); Proche seuil strict 40 km,https://cms.gthf.fr
FR-59086__FR-59034,FR-59086,FR,59086,59086,Boeschepe,FR-59034,FR,59034,59034,Avelin,boeschepe-a-avelin,Boeschepe – Avelin à vélo,79179.16230838385,40162.17340507858,false,false,false,-19179.16230838385,-162.1734050785817,false,true,Non retenu,Saint-Omer → Lille,Lille → Arras,989071.4199926391,1068250.582301023,false,10,La Boulangerie du Moulin,Be Vrac,1928.6852637555178,2067.3682386715936,B >2 km du commerce; Non retenue (seuils stricts); Proche seuil strict 40 km,https://cms.gthf.fr
FR-59089__FR-59431,FR-59089,FR,59089,59089,Bollezeele,FR-59431,FR,59431,59431,Nieppe,bollezeele-a-nieppe,Bollezeele – Nieppe à vélo,107155.12335205032,40177.64306442288,false,false,false,-47155.123352050316,-177.64306442288216,false,true,Non retenu,Calais → Saint-Omer,Saint-Omer → Lille,906768.1509940219,1013923.2743460722,false,10,Utile,L'Atelier du pain,27.51621915441125,209.22931215167912,Non retenue (seuils stricts); Proche seuil strict 40 km,https://cms.gthf.fr
FR-62193__FR-59570,FR-62193,FR,62193,62193,Calais,FR-59570,FR,59570,59570,Socx,calais-a-socx,Calais – Socx à vélo,81564.77679619414,40019.87705405643,false,false,false,-21564.776796194143,-19.877054056429188,false,true,Non retenu,Calais → Saint-Omer,Calais → Saint-Omer,806882.8903870081,888447.6671832022,false,10,Vrac'Opale,Sans nom,11.486984393044546,23.647026617663744,Non retenue (seuils stricts); Proche seuil strict 40 km,https://cms.gthf.fr
FR-62215__FR-59114,FR-62215,FR,62215,62215,Carvin,FR-59114,FR,59114,59114,Bruille-Saint-Amand,carvin-a-bruille-saint-amand,Carvin – Bruille-Saint-Amand à vélo,159407.40963838086,40076.25236722271,false,false,false,-99407.40963838086,-76.25236722271075,false,true,Non retenu,Lille → Arras,Arras → Condé-sur-l’Escaut,1088064.467958799,1247471.87759718,false,10,L'Épi d'Or,Boulangerie,553.7554964789942,179.8335949549457,Non retenue (seuils stricts); Proche seuil strict 40 km,https://cms.gthf.fr
FR-62215__FR-59301,FR-62215,FR,62215,62215,Carvin,FR-59301,FR,59301,59301,Hergnies,carvin-a-hergnies,Carvin – Hergnies à vélo,164304.32919843798,40152.38944335837,false,false,false,-104304.32919843798,-152.38944335837004,false,true,Non retenu,Lille → Arras,Arras → Condé-sur-l’Escaut,1088064.467958799,1252368.797157237,false,10,L'Épi d'Or,Boulangerie Pâtisserie Petyt,553.7554964789942,391.0142595227276,Non retenue (seuils stricts); Proche seuil strict 40 km,https://cms.gthf.fr
BE-57097__FR-62032,BE-57097,BE,57097,,Comines-Warneton,FR-62032,FR,62032,62032,Angres,comines-warneton-a-angres,Comines-Warneton – Angres à vélo,84848.14221556415,40077.34935393352,false,false,false,-24848.14221556415,-77.3493539335177,false,true,Non retenu,Saint-Omer → Lille,Lille → Arras,1022892.1227872181,1107740.2650027822,false,10,ALDI,Carrefour Express,1548.6252014657273,406.617259449825,Non retenue (seuils stricts); Proche seuil strict 40 km,https://cms.gthf.fr
FR-59160__FR-59226,FR-59160,FR,59160,59160,Crespin,FR-59226,FR,59226,59226,Felleries,crespin-a-felleries,Crespin – Felleries à vélo,78994.757822162,40148.130296959425,false,false,false,-18994.757822162006,-148.13029695942532,false,true,Non retenu,Condé-sur-l’Escaut → Hirson,Condé-sur-l’Escaut → Hirson,1271260.3301555673,1350255.0879777293,false,10,Sans nom,CocciMarket,308.1032079682731,1779.3739911609923,Non retenue (seuils stricts); Proche seuil strict 40 km,https://cms.gthf.fr
FR-62314__FR-59345,FR-62314,FR,62314,62314,Estrée-Cauchy,FR-59345,FR,59345,59345,Lewarde,estree-cauchy-a-lewarde,Estrée-Cauchy – Lewarde à vélo,66707.09035836859,40208.77599168957,false,false,false,-6707.090358368587,-208.77599168956658,false,true,Non retenu,Lille → Arras,Arras → Condé-sur-l’Escaut,1135761.242993189,1202468.3333515576,false,10,Au Pain Doré,Aux Délices de Lewarde,1887.8153676145598,746.2592234833468,Non retenue (seuils stricts); Proche seuil strict 40 km,https://cms.gthf.fr
BE-33039__FR-62291,BE-33039,BE,33039,,Heuvelland,FR-62291,FR,62291,62291,Éleu-dit-Leauwette,heuvelland-a-eleu-dit-leauwette,Heuvelland – Éleu-dit-Leauwette à vélo,87830.07474709151,40023.7318024725,false,false,false,-27830.07474709151,-23.73180247250275,false,true,Non retenu,Saint-Omer → Lille,Lille → Arras,1016037.1020886536,1103867.176835745,false,10,Geert,Chronodrive.com,11.907156782296738,156.35854592366766,Non retenue (seuils stricts); Proche seuil strict 40 km,https://cms.gthf.fr
FR-59328__FR-62718,FR-59328,FR,59328,59328,Lambersart,FR-62718,FR,62718,62718,Rœux,lambersart-a-rux,Lambersart – Rœux à vélo,136172.16718513065,40168.81997639071,false,false,false,-76172.16718513065,-168.8199763907105,false,true,Non retenu,Saint-Omer → Lille,Arras → Condé-sur-l’Escaut,1036021.0361826498,1172193.2033677804,false,10,Le Pain d'Adrien,Boulangerie Bertrand et Vanessa Chrétien,19.051145502801646,243.77819055847237,Non retenue (seuils stricts); Proche seuil strict 40 km,https://cms.gthf.fr
FR-59331__BE-56051,FR-59331,FR,59331,59331,Landrecies,BE-56051,BE,56051,,Momignies,landrecies-a-momignies,Landrecies – Momignies à vélo,72006.4596466741,40049.34848518298,false,false,false,-12006.459646674106,-49.34848518297804,false,true,Non retenu,Condé-sur-l’Escaut → Hirson,Condé-sur-l’Escaut → Hirson,1318923.7012683945,1390930.1609150686,false,10,Boulangerie Mr & Mme Desprez,Snauwaert et Fils,1334.6485029241908,106.83580181415965,Non retenue (seuils stricts); Proche seuil strict 40 km,https://cms.gthf.fr
FR-59350__FR-59616,FR-59350,FR,59350,59350,Lille,FR-59616,FR,59616,59616,Vieux-Condé,lille-a-vieux-conde,Lille – Vieux-Condé à vélo,211529.6703782744,40155.873874471385,false,false,false,-151529.6703782744,-155.87387447138462,false,true,Non retenu,Lille → Arras,Arras → Condé-sur-l’Escaut,1042932.9891786083,1254462.6595568827,false,10,Valérie & Raphaël Brier,Lidl,6.913269528781712,319.5288080200492,Non retenue (seuils stricts); Proche seuil strict 40 km,https://cms.gthf.fr
FR-80488__FR-80182,FR-80488,FR,80488,80488,Longpré-les-Corps-Saints,FR-80182,FR,80182,80182,Cayeux-sur-Mer,longpre-les-corps-saints-a-cayeux-sur-mer,Longpré-les-Corps-Saints – Cayeux-sur-Mer à vélo,60801.239774258574,40142.40939080625,false,false,false,-801.2397742585745,-142.40939080624958,false,true,Non retenu,Amiens → Étaples,Amiens → Étaples,547521.4500365148,608322.6898107734,false,10,Carrefour Contact,Sans nom,1505.0868379432843,125.2949042974694,Non retenue (seuils stricts); Proche seuil strict 40 km,https://cms.gthf.fr
FR-62588__FR-62025,FR-62588,FR,62588,62588,Montreuil-sur-Mer,FR-62025,FR,62025,62025,Ambleteuse,montreuil-sur-mer-a-ambleteuse,Montreuil-sur-Mer – Ambleteuse à vélo,60363.70139633212,40227.064981496,false,false,false,-363.7013963321224,-227.06498149599793,false,true,Non retenu,Amiens → Étaples,Étaples → Calais,706412.5782973142,766776.2796936464,false,10,Debove Legumes Frais,Carrefour Contact,7.289983310326011,89.54313154950198,Non retenue (seuils stricts); Proche seuil strict 40 km,https://cms.gthf.fr
FR-62645__FR-59587,FR-62645,FR,62645,62645,Oye-Plage,FR-59587,FR,59587,59587,Terdeghem,oye-plage-a-terdeghem,Oye-Plage – Terdeghem à vélo,147014.8957167404,40243.3375981655,false,false,false,-87014.8957167404,-243.33759816549718,false,true,Non retenu,Calais → Saint-Omer,Saint-Omer → Lille,822926.6644463075,969941.5601630479,false,10,Au Sept Épis,Super U,642.6874455557946,927.2392560420246,Non retenue (seuils stricts); Proche seuil strict 40 km,https://cms.gthf.fr
FR-80618__FR-62826,FR-80618,FR,80618,80618,Pendé,FR-62826,FR,62826,62826,Le Touquet-Paris-Plage,pende-a-le-touquet-paris-plage,Pendé – Le Touquet-Paris-Plage à vélo,92603.72400329728,40189.41977532706,false,false,false,-32603.724003297277,-189.4197753270564,false,true,Non retenu,Amiens → Étaples,Amiens → Étaples,629715.7030496108,722319.4270529081,false,10,Sans nom,Carrefour Market,1549.987096694217,639.0548118648925,Non retenue (seuils stricts); Proche seuil strict 40 km,https://cms.gthf.fr
FR-80622__FR-80110,FR-80622,FR,80622,80622,Picquigny,FR-80110,FR,80110,80110,Boismont,picquigny-a-boismont,Picquigny – Boismont à vélo,105017.7387611476,40216.27665218564,false,false,false,-45017.7387611476,-216.27665218563925,false,true,Non retenu,Amiens → Étaples,Amiens → Étaples,533387.6467352761,638405.3854964237,false,10,Carrefour Contact,Carrefour Market,180.68954456709866,630.4324583248401,Non retenue (seuils stricts); Proche seuil strict 40 km,https://cms.gthf.fr
FR-59527__FR-62793,FR-59527,FR,59527,59527,Saint-André-lez-Lille,FR-62793,FR,62793,62793,Servins,saint-andre-lez-lille-a-servins,Saint-André-lez-Lille – Servins à vélo,92582.48267746298,40226.08729587928,false,false,false,-32582.482677462976,-226.08729587928246,false,true,Non retenu,Saint-Omer → Lille,Lille → Arras,1037985.9751224222,1130568.4577998852,false,10,Boulangerie Brier,Sans nom,675.1014289311003,460.2193959039641,Non retenue (seuils stricts); Proche seuil strict 40 km,https://cms.gthf.fr
FR-59527__FR-59632,FR-59527,FR,59527,59527,Saint-André-lez-Lille,FR-59632,FR,59632,59632,Wallers,saint-andre-lez-lille-a-wallers,Saint-André-lez-Lille – Wallers à vélo,197366.79311216436,40192.56867608743,false,false,false,-137366.79311216436,-192.5686760874305,false,true,Non retenu,Saint-Omer → Lille,Arras → Condé-sur-l’Escaut,1037985.9751224222,1235352.7682345866,false,10,Boulangerie Brier,Banette,675.1014289311003,3179.8403028907114,B >2 km du commerce; Non retenue (seuils stricts); Proche seuil strict 40 km,https://cms.gthf.fr
FR-02680__FR-60491,FR-02680,FR,02680,02680,Saint-Gobain,FR-60491,FR,60491,60491,Pierrefonds,saint-gobain-a-pierrefonds,Saint-Gobain – Pierrefonds à vélo,135730.40277654573,40114.9034560572,false,false,false,-75730.40277654573,-114.90345605720358,false,true,Non retenu,Hirson → Soissons,Soissons → Beauvais,99366.8101741962,235097.21295074193,false,10,Au Bon Pain,CocciMarket,2233.8337187798697,7.3521316211291845,A >2 km du commerce; Non retenue (seuils stricts); Proche seuil strict 40 km,https://cms.gthf.fr
FR-62774__FR-62757,FR-62774,FR,62774,62774,Sangatte,FR-62757,FR,62757,62757,Saint-Martin-lez-Tatinghem,sangatte-a-saint-martin-lez-tatinghem,Sangatte – Saint-Martin-lez-Tatinghem à vélo,132026.19357298128,40015.363003510785,false,false,false,-72026.19357298128,-15.363003510785347,false,true,Non retenu,Étaples → Calais,Calais → Saint-Omer,803411.5678099442,935437.7613829254,false,10,Remi Debever,Aldi,490.62586389804244,274.72521064668746,Non retenue (seuils stricts); Proche seuil strict 40 km,https://cms.gthf.fr
FR-59580__FR-59350,FR-59580,FR,59580,59580,Steenvoorde,FR-59350,FR,59350,59350,Lille,steenvoorde-a-lille,Steenvoorde – Lille à vélo,69700.82632184844,40152.71141592304,false,false,false,-9700.826321848435,-152.71141592304048,false,true,Non retenu,Saint-Omer → Lille,Lille → Arras,973232.1628567599,1042932.9891786083,false,10,Boulangerie Patisserie Deblock,Valérie & Raphaël Brier,16.95729467749587,6.913269528781712,Non retenue (seuils stricts); Proche seuil strict 40 km,https://cms.gthf.fr
FR-59586__FR-62793,FR-59586,FR,59586,59586,Templeuve-en-Pévèle,FR-62793,FR,62793,62793,Servins,templeuve-en-pevele-a-servins,Templeuve-en-Pévèle – Servins à vélo,67204.15290733706,40210.71311538971,false,false,false,-7204.152907337062,-210.7131153897135,false,true,Non retenu,Lille → Arras,Lille → Arras,1063364.3048925481,1130568.4577998852,false,10,Les Maraîchers de Bonnace,Sans nom,544.6281678276696,460.2193959039641,Non retenue (seuils stricts); Proche seuil strict 40 km,https://cms.gthf.fr
FR-59602__FR-62019,FR-59602,FR,59602,59602,Tressin,FR-62019,FR,62019,62019,Aix-Noulette,tressin-a-aix-noulette,Tressin – Aix-Noulette à vélo,72220.3590765791,40193.9554181051,false,false,false,-12220.359076579101,-193.95541810509894,false,true,Non retenu,Lille → Arras,Lille → Arras,1053153.8072928912,1125374.1663694703,false,10,Grégoire Motte,Sans nom,503.456669009468,1241.662392709341,Non retenue (seuils stricts); Proche seuil strict 40 km,https://cms.gthf.fr
FR-62284__FR-59207,FR-62284,FR,62284,62284,Écourt-Saint-Quentin,FR-59207,FR,59207,59207,Escautpont,ecourt-saint-quentin-a-escautpont,Écourt-Saint-Quentin – Escautpont à vélo,60158.007563925115,40183.18202430606,false,false,false,-158.0075639251154,-183.18202430605743,true,true,Non retenu,Arras → Condé-sur-l’Escaut,Arras → Condé-sur-l’Escaut,1187748.3017719896,1247906.3093359147,false,10,Carrefour Contact,Marcille,2889.789736189676,3086.889177864449,A >2 km du commerce; B >2 km du commerce; Non retenue (seuils stricts); Proche seuil strict 60 km; Proche seuil strict 40 km,https://cms.gthf.fr
FR-62297__FR-59535,FR-62297,FR,62297,62297,Éperlecques,FR-59535,FR,59535,59535,Saint-Jans-Cappel,eperlecques-a-saint-jans-cappel,Éperlecques – Saint-Jans-Cappel à vélo,65388.701631231,40149.90061281816,false,false,false,-5388.701631231001,-149.90061281815724,false,true,Non retenu,Calais → Saint-Omer,Saint-Omer → Lille,922062.8889904383,987451.5906216693,false,10,Carrefour Market,Du pain sur la planche,681.2446649641155,1481.9141891300046,Non retenue (seuils stricts); Proche seuil strict 40 km,https://cms.gthf.fr
