ID commune,Pays,Code commune,Code INSEE,Ville,Département / province,Population,Longitude ancre,Latitude ancre,Source ancre communale,Premier chapitre,Chaînage premier passage (m),Nombre de passages,Commerces admissibles,Boulangeries,Supérettes,Supermarchés,Commerce le plus proche,Type du commerce,Commerce → trace (m),Uniquement station-service,Alerte commerce > 2 km,Identifiants OSM,Source commune,Source commerces
FR-02381,FR,02381,02381,Hirson,02,8469,4.0841,49.9202,mairie api.gouv.fr,Hirson → Soissons,0,2,10,5,2,3,Boulangerie Fleury,bakery,10.545494354926225,false,false,node/4238047108;node/4239501903;node/4239502332;node/4243101871;node/4243513481;node/4564006492;node/10743374921;node/10756759289;node/10773969049;way/269123389,https://geo.api.gouv.fr/decoupage-administratif/communes,https://www.openstreetmap.org/copyright
FR-02134,FR,02134,02134,Buire,02,795,4.0562,49.903,mairie api.gouv.fr,Hirson → Soissons,2265.103067972608,1,1,0,0,1,E.Leclerc,supermarket,74.16614450068937,false,false,way/336796005,https://geo.api.gouv.fr/decoupage-administratif/communes,https://www.openstreetmap.org/copyright
FR-02295,FR,02295,02295,Étréaupont,02,839,3.9157,49.9027,mairie api.gouv.fr,Hirson → Soissons,15296.060150559571,1,2,1,1,0,À la petite épicerie,convenience,277.7492052049736,false,false,node/7738357373;node/9096854155,https://geo.api.gouv.fr/decoupage-administratif/communes,https://www.openstreetmap.org/copyright
FR-02469,FR,02469,02469,Marly-Gomont,02,483,3.7913,49.906,mairie api.gouv.fr,Hirson → Soissons,25184.546409721832,1,2,1,1,0,Proxi,convenience,8.75172437506933,false,false,node/9737464407;node/11142161844,https://geo.api.gouv.fr/decoupage-administratif/communes,https://www.openstreetmap.org/copyright
FR-02361,FR,02361,02361,Guise,02,4490,3.6253,49.8979,mairie api.gouv.fr,Hirson → Soissons,39392.090129096454,1,11,5,3,3,Les Copains de Thiérache - Produits locaux - Location de vélos,convenience,5.135530084181893,false,false,node/3935766675;node/3935766686;node/3935766720;node/3935792407;node/3935997098;node/5761205895;node/6019520967;node/13247486729;way/128311759;way/128317363;way/781770854,https://geo.api.gouv.fr/decoupage-administratif/communes,https://www.openstreetmap.org/copyright
FR-02450,FR,02450,02450,Macquigny,02,357,3.5504,49.8848,mairie api.gouv.fr,Hirson → Soissons,47271.85795740757,1,1,1,0,0,Boulangerie de Macquigny,bakery,10.744515111120528,false,false,node/6815684626,https://geo.api.gouv.fr/decoupage-administratif/communes,https://www.openstreetmap.org/copyright
FR-02503,FR,02503,02503,Mont-d'Origny,02,839,3.5005,49.843,mairie api.gouv.fr,Hirson → Soissons,53370.40902732515,1,1,0,0,1,Aldi,supermarket,742.5178940020236,false,false,node/1237097902,https://geo.api.gouv.fr/decoupage-administratif/communes,https://www.openstreetmap.org/copyright
FR-02575,FR,02575,02575,Origny-Sainte-Benoite,02,1587,3.4886,49.8404,mairie api.gouv.fr,Hirson → Soissons,54230.20350544418,1,3,2,1,0,Aux délices de la Sucrerie,bakery,12.72207505746013,false,false,node/1144711428;node/1144721813;node/12922659494,https://geo.api.gouv.fr/decoupage-administratif/communes,https://www.openstreetmap.org/copyright
FR-02648,FR,02648,02648,Ribemont,02,1931,3.4594,49.7956,mairie api.gouv.fr,Hirson → Soissons,59182.47686842998,1,2,1,0,1,Intermarché Super,supermarket,1083.4987360321645,false,false,node/5279636943;way/125537819,https://geo.api.gouv.fr/decoupage-administratif/communes,https://www.openstreetmap.org/copyright
FR-02304,FR,02304,02304,La Fère,02,2796,3.3673,49.6612,mairie api.gouv.fr,Hirson → Soissons,85901.58566022414,1,5,3,0,2,Lidl,supermarket,33.798167107115155,false,false,node/3932349046;node/3933754194;node/3933841326;way/84372797;way/880644470,https://geo.api.gouv.fr/decoupage-administratif/communes,https://www.openstreetmap.org/copyright
FR-02680,FR,02680,02680,Saint-Gobain,02,2288,3.3793,49.5957,mairie api.gouv.fr,Hirson → Soissons,94443.3187546177,2,2,1,0,1,Au Bon Pain,bakery,2233.8337187798697,false,true,node/4207001079;node/10211406787,https://geo.api.gouv.fr/decoupage-administratif/communes,https://www.openstreetmap.org/copyright
FR-02408,FR,02408,02408,Laon,02,24220,3.6206,49.5651,mairie api.gouv.fr,Hirson → Soissons,121288.1520471239,1,24,11,7,6,L'Aontraide,convenience,4.645453975649975,false,false,node/1611175268;node/1742954884;node/1742954885;node/4347381390;node/5310155801;node/6151748804;node/6521877098;node/6635020859;node/7067083635;node/7248235599;node/7252820273;node/7252866249;node/7255613562;node/7255687773;node/7781516832;node/8252454905;node/8285871684;node/12433947564;node/13770597701;way/146671258;way/146673080;way/146673636;way/912324491;way/1047437761,https://geo.api.gouv.fr/decoupage-administratif/communes,https://www.openstreetmap.org/copyright
FR-02755,FR,02755,02755,Urcel,02,534,3.5599,49.4891,mairie api.gouv.fr,Hirson → Soissons,137514.73438754625,1,1,1,0,0,Au Fournil Des Rois,bakery,256.05292902976237,false,false,node/13246260538,https://geo.api.gouv.fr/decoupage-administratif/communes,https://www.openstreetmap.org/copyright
FR-02158,FR,02158,02158,Chamouille,02,272,3.6653,49.4742,mairie api.gouv.fr,Hirson → Soissons,150207.2565005422,4,1,1,0,0,Boulangerie Pâtisserie Christian Lambert,bakery,111.23130885930553,false,false,node/6519231958,https://geo.api.gouv.fr/decoupage-administratif/communes,https://www.openstreetmap.org/copyright
FR-02758,FR,02758,02758,Vailly-sur-Aisne,02,2050,3.5165,49.411,mairie api.gouv.fr,Hirson → Soissons,181467.86271515148,1,2,2,0,0,Boulangerie Pesta,bakery,872.2372563877416,false,false,node/6131174092;node/9393818562,https://geo.api.gouv.fr/decoupage-administratif/communes,https://www.openstreetmap.org/copyright
FR-02131,FR,02131,02131,Bucy-le-Long,02,1947,3.3957,49.3909,mairie api.gouv.fr,Hirson → Soissons,194753.8758169605,4,2,1,1,0,Alimentation Générale,convenience,8.402191988991524,false,false,node/8835654619;node/8835655117,https://geo.api.gouv.fr/decoupage-administratif/communes,https://www.openstreetmap.org/copyright
FR-02243,FR,02243,02243,Crouy,02,3049,3.3616,49.4035,mairie api.gouv.fr,Hirson → Soissons,197097.4584211755,4,4,2,0,2,Intermarché Super,supermarket,267.1905363501314,false,false,node/8835655118;node/8835655318;way/191073304;way/672029442,https://geo.api.gouv.fr/decoupage-administratif/communes,https://www.openstreetmap.org/copyright
FR-02722,FR,02722,02722,Soissons,02,28046,3.3285,49.3837,mairie api.gouv.fr,Hirson → Soissons,197795.94358882797,3,37,20,8,9,Boulangerie La Passerelle,bakery,25.97733560743476,false,false,node/2306303591;node/2306422466;node/2306426260;node/2306443176;node/2306719270;node/2309363905;node/2311684648;node/2311686287;node/2313117910;node/2313123879;node/2313556057;node/2314201573;node/2317528589;node/3151069547;node/3424844272;node/3930187631;node/5267885211;node/5557346808;node/6252004650;node/7050418143;node/9019257108;node/13243248435;node/13243265975;node/13243277210;node/13243279016;node/13243337847;node/13243549690;node/13243574186;node/13243608524;node/13243704792;node/13829443194;node/13829606271;node/13829606272;way/69833444;way/69833766;way/69836100;way/69842570,https://geo.api.gouv.fr/decoupage-administratif/communes,https://www.openstreetmap.org/copyright
FR-02477,FR,02477,02477,Mercin-et-Vaux,02,935,3.277,49.3771,mairie api.gouv.fr,Soissons → Beauvais,204879.34951448868,2,1,0,1,0,Carrefour Market,convenience,366.85547844467885,false,false,node/2311059505,https://geo.api.gouv.fr/decoupage-administratif/communes,https://www.openstreetmap.org/copyright
FR-02011,FR,02011,02011,Ambleny,02,1205,3.1846,49.3801,mairie api.gouv.fr,Soissons → Beauvais,213240.7166550433,1,1,1,0,0,Boulangerie Pâtisserie Dhoury,bakery,1916.3382057079396,false,false,node/5303101248,https://geo.api.gouv.fr/decoupage-administratif/communes,https://www.openstreetmap.org/copyright
FR-02643,FR,02643,02643,Ressons-le-Long,02,790,3.1493,49.3876,mairie api.gouv.fr,Soissons → Beauvais,213485.27668952104,5,1,0,0,1,Intermarché Super,supermarket,33.729490204460156,false,false,node/8518581033,https://geo.api.gouv.fr/decoupage-administratif/communes,https://www.openstreetmap.org/copyright
FR-60491,FR,60491,60491,Pierrefonds,60,1877,2.978,49.3473,mairie api.gouv.fr,Soissons → Beauvais,235097.21295074193,5,4,2,2,0,CocciMarket,convenience,7.3521316211291845,false,false,node/1381618263;node/1422480904;way/148041838;way/148041879,https://geo.api.gouv.fr/decoupage-administratif/communes,https://www.openstreetmap.org/copyright
FR-60067,FR,60067,60067,Béthisy-Saint-Martin,60,996,2.818,49.2955,mairie api.gouv.fr,Soissons → Beauvais,253983.87906588436,1,1,0,1,0,Proxi,convenience,11.7001693228401,false,false,node/2678946224,https://geo.api.gouv.fr/decoupage-administratif/communes,https://www.openstreetmap.org/copyright
FR-60068,FR,60068,60068,Béthisy-Saint-Pierre,60,3111,2.8021,49.2988,mairie api.gouv.fr,Soissons → Beauvais,256142.36693767042,4,3,2,0,1,Boulangerie Pâtisserie L'Étoil'ine,bakery,27.94238767348264,false,false,node/7899928647;node/7899929126;way/199014477,https://geo.api.gouv.fr/decoupage-administratif/communes,https://www.openstreetmap.org/copyright
FR-60597,FR,60597,60597,Saint-Sauveur,60,1751,2.7832,49.3176,mairie api.gouv.fr,Soissons → Beauvais,258188.59726882513,4,2,1,1,0,Igli Market,convenience,701.1899880139172,false,false,node/2609215708;node/8259314804,https://geo.api.gouv.fr/decoupage-administratif/communes,https://www.openstreetmap.org/copyright
FR-60667,FR,60667,60667,Verberie,60,3898,2.7301,49.3092,mairie api.gouv.fr,Soissons → Beauvais,263000.1971754896,1,4,2,1,1,Boulangerie Jérôme et Virginie,bakery,499.5361422263004,false,false,node/4996107521;node/4996112828;node/11175943431;way/141395182,https://geo.api.gouv.fr/decoupage-administratif/communes,https://www.openstreetmap.org/copyright
FR-60509,FR,60509,60509,Pont-Sainte-Maxence,60,12361,2.6049,49.3013,mairie api.gouv.fr,Soissons → Beauvais,273294.6069633454,2,10,3,3,4,E.Leclerc,supermarket,1377.278520599439,false,false,node/1592432012;node/1711802803;node/1711802804;node/2603425732;node/3818289045;node/10957904770;way/141437300;way/141444293;way/419782416;way/487800308,https://geo.api.gouv.fr/decoupage-administratif/communes,https://www.openstreetmap.org/copyright
FR-60238,FR,60238,60238,Fleurines,60,1910,2.5839,49.2591,mairie api.gouv.fr,Soissons → Beauvais,284095.2449432883,3,2,1,1,0,Boulangerie Pâtisserie,bakery,2494.090386315221,false,true,node/4704461713;node/4704461715,https://geo.api.gouv.fr/decoupage-administratif/communes,https://www.openstreetmap.org/copyright
FR-60138,FR,60138,60138,Chamant,60,1043,2.6122,49.2187,mairie api.gouv.fr,Soissons → Beauvais,289231.2671476022,1,8,2,2,4,Boulangerie Charpentier,bakery,62.266524628152766,false,false,node/25209212;node/4314021820;node/4319435604;node/4358622747;node/7544310004;way/183578376;way/183578573;way/812579268,https://geo.api.gouv.fr/decoupage-administratif/communes,https://www.openstreetmap.org/copyright
FR-60612,FR,60612,60612,Senlis,60,15157,2.5834,49.2051,mairie api.gouv.fr,Soissons → Beauvais,292134.2029506173,1,14,6,4,4,Maison Ringeval,bakery,63.69047563958538,false,false,node/706688106;node/2408276802;node/3456160714;node/3456160717;node/5708508071;node/10917571580;node/10960325590;way/142249471;way/142251423;way/142254061;way/142256973;way/142257398;way/142258401;way/914744403,https://geo.api.gouv.fr/decoupage-administratif/communes,https://www.openstreetmap.org/copyright
FR-60141,FR,60141,60141,Chantilly,60,10591,2.4661,49.1922,mairie api.gouv.fr,Soissons → Beauvais,302216.6723484952,2,11,6,2,3,Auchan Supermarché,supermarket,27.217210956477338,false,false,node/7925004486;node/9148545214;node/9160553419;node/10182523632;node/10914139085;node/10917824972;node/10917938907;node/11379211381;way/131307879;way/131308041;relation/12465283,https://geo.api.gouv.fr/decoupage-administratif/communes,https://www.openstreetmap.org/copyright
FR-60695,FR,60695,60695,Vineuil-Saint-Firmin,60,1380,2.4917,49.2001,mairie api.gouv.fr,Soissons → Beauvais,303404.00286389026,2,1,0,1,0,Citis Market,convenience,2024.3367608138576,false,true,node/7550034655,https://geo.api.gouv.fr/decoupage-administratif/communes,https://www.openstreetmap.org/copyright
FR-60589,FR,60589,60589,Saint-Maximin,60,3335,2.4429,49.2224,mairie api.gouv.fr,Soissons → Beauvais,303730.71967303846,2,11,2,1,8,Carrefour,supermarket,449.52523683092335,false,false,node/1934303080;node/8814285817;node/9214757632;node/9214757633;node/9280648889;way/225427834;way/360570095;way/360571496;way/777985256;way/997984211;way/997984212,https://geo.api.gouv.fr/decoupage-administratif/communes,https://www.openstreetmap.org/copyright
FR-60175,FR,60175,60175,Creil,60,36301,2.4728,49.2606,mairie api.gouv.fr,Soissons → Beauvais,311363.2241598561,1,53,13,33,7,Boulangerie de la Tour,bakery,8.2743616655651,false,false,node/2500820712;node/4706409894;node/4872031320;node/5691563292;node/5691622826;node/5691622827;node/5694516399;node/5694516400;node/5694657881;node/5694722144;node/5694722146;node/5695200802;node/5695204022;node/5695204025;node/5706297684;node/5706297711;node/5715170840;node/5715170851;node/5732677385;node/5793518296;node/5793561234;node/6970309290;node/6970309293;node/6970334229;node/6970334231;node/6992991316;node/7003257996;node/7067218485;node/7091896069;node/9410168483;node/9455804944;node/9547334575;node/9594316108;node/9599671566;node/9603108159;node/9648140064;node/9648147968;node/9648149119;node/9676452327;node/9676452330;node/9676452333;node/9676452334;node/9676452336;node/9676452337;node/9677006097;node/9751698697;node/9914201240;node/12334209370;node/12407821273;node/13019780170;way/80654530;way/990494742;relation/14395175,https://geo.api.gouv.fr/decoupage-administratif/communes,https://www.openstreetmap.org/copyright
FR-60414,FR,60414,60414,Montataire,60,14257,2.4345,49.2563,mairie api.gouv.fr,Soissons → Beauvais,315008.30651990254,1,12,6,4,2,Au Rond-Point,bakery,8.922336282585267,false,false,node/3450604995;node/3450605065;node/3450605093;node/9623129131;node/9623129151;node/9623674576;node/9623674577;node/10706265727;node/10706265729;way/71312242;relation/1113859;relation/13273463,https://geo.api.gouv.fr/decoupage-administratif/communes,https://www.openstreetmap.org/copyright
FR-60155,FR,60155,60155,Cires-lès-Mello,60,3978,2.3583,49.2754,mairie api.gouv.fr,Soissons → Beauvais,321882.23064537667,4,2,1,1,0,Le Petit Casino,convenience,1210.6904197327724,false,false,node/3780733137;way/93547375,https://geo.api.gouv.fr/decoupage-administratif/communes,https://www.openstreetmap.org/copyright
FR-60439,FR,60439,60439,Mouy,60,5319,2.3209,49.319,mairie api.gouv.fr,Soissons → Beauvais,333010.8791421985,1,2,1,1,0,Artisan Boulanger,bakery,12.853058264874585,false,false,node/3517161607;node/3517162192,https://geo.api.gouv.fr/decoupage-administratif/communes,https://www.openstreetmap.org/copyright
FR-60313,FR,60313,60313,Hermes,60,2466,2.2458,49.3561,mairie api.gouv.fr,Soissons → Beauvais,340732.880970382,2,2,1,0,1,Intermarché Super,supermarket,222.61572308445798,false,false,node/2465429195;node/2465429775,https://geo.api.gouv.fr/decoupage-administratif/communes,https://www.openstreetmap.org/copyright
FR-60065,FR,60065,60065,Berthecourt,60,1564,2.2253,49.3537,mairie api.gouv.fr,Soissons → Beauvais,340974.9253968386,2,2,1,1,0,Ledoux Laurent,bakery,275.381625035673,false,false,node/2465429670;node/11142078654,https://geo.api.gouv.fr/decoupage-administratif/communes,https://www.openstreetmap.org/copyright
FR-60057,FR,60057,60057,Beauvais,60,55550,2.0818,49.4296,mairie api.gouv.fr,Soissons → Beauvais,360883.0809274006,1,58,27,14,17,La Tradition Verlaine,bakery,18.114481099140338,false,false,node/305892036;node/2472085575;node/3104313487;node/3468121413;node/3468121490;node/3508907026;node/3635089949;node/3637168160;node/3711923760;node/3711923898;node/3711923982;node/3712055246;node/3712055335;node/6012218912;node/7006222585;node/7404932685;node/7728542326;node/7728542327;node/7728542329;node/7761312217;node/7775723486;node/9447179086;node/9453433382;node/10230566521;node/10230566522;node/10230566532;node/10231298524;node/10705239196;node/10727191636;node/10896412243;node/10946655928;node/10946759947;node/10946759950;node/10946805218;node/11156025956;node/11158553822;node/11158560729;node/11158568562;node/11169128007;node/11199287946;node/11204382767;node/11206878350;node/11582569576;node/12292635589;node/12361916511;node/12361916516;node/12561390638;node/13094738183;node/13238430041;node/13831788996;node/13907330944;way/106244502;way/106248395;way/106269316;way/803360910;way/807904186;way/833894635;way/1227796611,https://geo.api.gouv.fr/decoupage-administratif/communes,https://www.openstreetmap.org/copyright
FR-60277,FR,60277,60277,Goincourt,60,1552,2.0379,49.4257,mairie api.gouv.fr,Beauvais → Amiens,364660.4607223168,1,2,1,0,1,Intermarché Hyper Goincourt,supermarket,244.4872248047383,false,false,node/8467301866;way/116418117,https://geo.api.gouv.fr/decoupage-administratif/communes,https://www.openstreetmap.org/copyright
FR-60591,FR,60591,60591,Saint-Paul,60,1633,2.0068,49.4304,mairie api.gouv.fr,Beauvais → Amiens,368359.7367358276,1,1,0,0,1,Netto,supermarket,170.27093498149162,false,false,node/3510686679,https://geo.api.gouv.fr/decoupage-administratif/communes,https://www.openstreetmap.org/copyright
FR-60477,FR,60477,60477,Ons-en-Bray,60,1367,1.9225,49.4162,mairie api.gouv.fr,Beauvais → Amiens,372770.83941035566,1,1,0,0,1,Carrefour Contact,supermarket,2282.4029035429653,false,true,node/1384627936,https://geo.api.gouv.fr/decoupage-administratif/communes,https://www.openstreetmap.org/copyright
FR-60333,FR,60333,60333,Lachapelle-aux-Pots,60,1512,1.9012,49.4472,mairie api.gouv.fr,Beauvais → Amiens,376402.1877386973,1,2,1,1,0,Boulangerie Pâtisserie Coyot,bakery,602.371837214331,false,false,node/317158829;node/3036865240,https://geo.api.gouv.fr/decoupage-administratif/communes,https://www.openstreetmap.org/copyright
FR-60073,FR,60073,60073,Blacourt,60,592,1.8617,49.4643,mairie api.gouv.fr,Beauvais → Amiens,380658.66894716676,1,1,1,0,0,Le Fournil de Blacourt,bakery,197.79834423259328,false,false,node/7946248539,https://geo.api.gouv.fr/decoupage-administratif/communes,https://www.openstreetmap.org/copyright
FR-60178,FR,60178,60178,Crèvecœur-le-Grand,60,3462,2.0768,49.6075,mairie api.gouv.fr,Beauvais → Amiens,419628.030897452,1,6,2,3,1,Dugrosprez Cyrille,bakery,135.2772287160491,false,false,node/3643261243;node/3643261471;node/3643262515;node/5912340334;node/5912340335;node/11215592096,https://geo.api.gouv.fr/decoupage-administratif/communes,https://www.openstreetmap.org/copyright
FR-80010,FR,80010,80010,Ailly-sur-Noye,80,2648,2.3624,49.7567,mairie api.gouv.fr,Beauvais → Amiens,454286.64569456666,2,4,2,1,1,Cocci Market,convenience,8.4635849046826,false,false,node/6862338620;node/8533162700;node/10024693221;node/13094580211,https://geo.api.gouv.fr/decoupage-administratif/communes,https://www.openstreetmap.org/copyright
FR-80799,FR,80799,80799,Villers-Bretonneux,80,4647,2.518,49.8682,mairie api.gouv.fr,Beauvais → Amiens,473984.99705953756,2,7,3,2,2,Aux délices du Santerre,bakery,13.179627071111947,false,false,node/25214579;node/1194559417;node/12805770317;node/12998747844;way/152654705;way/152664507;way/1086450365,https://geo.api.gouv.fr/decoupage-administratif/communes,https://www.openstreetmap.org/copyright
FR-80338,FR,80338,80338,Fouilloy,80,1723,2.5041,49.9003,mairie api.gouv.fr,Beauvais → Amiens,480385.9068957433,1,2,1,0,1,Boulangerie Leclerc,bakery,33.405488791084565,false,false,node/9341520065;node/13092569102,https://geo.api.gouv.fr/decoupage-administratif/communes,https://www.openstreetmap.org/copyright
FR-80212,FR,80212,80212,Corbie,80,5982,2.512,49.9077,mairie api.gouv.fr,Beauvais → Amiens,481348.1966416911,1,6,3,0,3,Lidl,supermarket,59.7032806097231,false,false,node/1899164189;node/5085773225;node/5085773227;node/9646196311;node/10598365255;way/769255407,https://geo.api.gouv.fr/decoupage-administratif/communes,https://www.openstreetmap.org/copyright
FR-80650,FR,80650,80650,Querrieu,80,626,2.4308,49.9374,mairie api.gouv.fr,Beauvais → Amiens,497398.6360270786,1,1,0,1,0,CocciMarket,convenience,115.81508338869811,false,false,node/9947474495,https://geo.api.gouv.fr/decoupage-administratif/communes,https://www.openstreetmap.org/copyright
FR-80234,FR,80234,80234,Daours,80,737,2.4485,49.9011,mairie api.gouv.fr,Beauvais → Amiens,502398.9358199554,2,2,1,1,0,Daours Top Market,convenience,65.68263583892266,false,false,node/13093876205;node/13093876206,https://geo.api.gouv.fr/decoupage-administratif/communes,https://www.openstreetmap.org/copyright
FR-80379,FR,80379,80379,Glisy,80,791,2.3984,49.8776,mairie api.gouv.fr,Beauvais → Amiens,509705.73891539895,2,2,1,0,1,Paul,bakery,1791.035559142105,false,false,node/2517266593;node/5337435894,https://geo.api.gouv.fr/decoupage-administratif/communes,https://www.openstreetmap.org/copyright
FR-80489,FR,80489,80489,Longueau,80,5680,2.3572,49.87,mairie api.gouv.fr,Beauvais → Amiens,513093.28841440973,1,5,3,0,2,Au Délice des Pains,bakery,990.1678922230291,false,false,node/6088401070;node/7172267016;node/10058909026;node/12862182145;way/874896703,https://geo.api.gouv.fr/decoupage-administratif/communes,https://www.openstreetmap.org/copyright
FR-80164,FR,80164,80164,Camon,80,4359,2.3438,49.8879,mairie api.gouv.fr,Beauvais → Amiens,515068.8454860712,1,6,2,1,3,Artisan Boulanger Fricque,bakery,258.10213358017387,false,false,node/1362597058;node/2587152537;node/3350357080;node/5636545907;node/5863458460;node/8458438485,https://geo.api.gouv.fr/decoupage-administratif/communes,https://www.openstreetmap.org/copyright
FR-80674,FR,80674,80674,Rivery,80,3636,2.3215,49.9008,mairie api.gouv.fr,Beauvais → Amiens,516594.18388857995,1,4,2,1,1,La Bonne Baguette - La Pétrie / Rivery,bakery,953.4752623790993,false,false,node/2517561072;node/3145147599;node/6387948260;node/12725109882,https://geo.api.gouv.fr/decoupage-administratif/communes,https://www.openstreetmap.org/copyright
FR-80021,FR,80021,80021,Amiens,80,136449,2.2957,49.8941,mairie api.gouv.fr,Amiens → Étaples,519141.93121934944,1,123,51,50,22,Canal Pain,bakery,5.274851052225093,false,false,node/270496758;node/293932591;node/449300268;node/853160590;node/853160591;node/1362621384;node/1738392483;node/1825511533;node/1825591329;node/1825598721;node/1826586754;node/1826586755;node/1955784325;node/1993734475;node/2165218606;node/2513004265;node/2587111353;node/2604895834;node/2887359401;node/2980129465;node/2980129467;node/3100402324;node/3100404838;node/3100404843;node/3103831019;node/3105429730;node/3105429731;node/3105429734;node/3105429739;node/3105461585;node/3105867521;node/3105907533;node/3105921660;node/3106173438;node/3171971643;node/3186672327;node/3242579491;node/3242620438;node/3242620442;node/3270401708;node/3270645868;node/3288326061;node/3288326068;node/3288326070;node/3288326081;node/3314401032;node/3314401053;node/3314408662;node/3319501648;node/3319501655;node/3331730960;node/3334022439;node/3334022446;node/3334158256;node/3334270960;node/3334272895;node/3334396333;node/3339802445;node/3347778264;node/3347824674;node/3547102381;node/3547102389;node/3556079766;node/3785144920;node/3791343619;node/3794925050;node/3795140957;node/3803848255;node/3891654128;node/3894616645;node/3902535180;node/4513588050;node/4781498321;node/4857531131;node/4857851880;node/4857851887;node/4857851892;node/5014229542;node/5128166000;node/5295739577;node/5537378382;node/5571122581;node/5573631803;node/5573631814;node/5802287982;node/5871789457;node/5926637462;node/5926828646;node/6041617330;node/6082424830;node/6128097201;node/6307947785;node/6416702269;node/7054369369;node/7069946583;node/7632468584;node/9044803793;node/9287495229;node/9566132550;node/9979908451;node/10066643991;node/10956670061;node/11917588269;node/11917606769;node/12157931401;node/12601510633;node/12645701100;node/12805893961;node/12805919580;node/12806321121;node/12806351248;node/12806377311;node/12811679167;node/12811777650;node/12811815347;node/12958948439;node/12985418873;node/13140922436;node/13848748305;way/140441649;way/140525825;way/366866803;way/1001868740,https://geo.api.gouv.fr/decoupage-administratif/communes,https://www.openstreetmap.org/copyright
FR-80256,FR,80256,80256,Dreuil-lès-Amiens,80,1576,2.2296,49.9159,mairie api.gouv.fr,Amiens → Étaples,525317.7564461121,1,2,1,0,1,Boulangerie Pâtisserie Demarcy,bakery,326.9153975981278,false,false,node/3783448667;node/9906920764,https://geo.api.gouv.fr/decoupage-administratif/communes,https://www.openstreetmap.org/copyright
FR-80011,FR,80011,80011,Ailly-sur-Somme,80,3003,2.2001,49.9273,mairie api.gouv.fr,Amiens → Étaples,527907.870694088,2,4,2,1,1,U Express,convenience,197.4903964135158,false,false,node/1786400519;node/1786400522;node/2977461235;way/282869921,https://geo.api.gouv.fr/decoupage-administratif/communes,https://www.openstreetmap.org/copyright
FR-80622,FR,80622,80622,Picquigny,80,1273,2.1432,49.9439,mairie api.gouv.fr,Amiens → Étaples,533387.6467352761,1,2,1,1,0,Carrefour Contact,convenience,180.68954456709866,false,false,node/11179604740;way/179546951,https://geo.api.gouv.fr/decoupage-administratif/communes,https://www.openstreetmap.org/copyright
FR-80318,FR,80318,80318,Flixecourt,80,3221,2.0814,50.0149,mairie api.gouv.fr,Amiens → Étaples,543750.1245322314,1,4,1,0,3,Boulangerie Hébert,bakery,2439.9369873686333,false,true,node/2609480663;node/2948466937;node/9568596419;way/291381906,https://geo.api.gouv.fr/decoupage-administratif/communes,https://www.openstreetmap.org/copyright
FR-80205,FR,80205,80205,Condé-Folie,80,865,2.0127,50.0097,mairie api.gouv.fr,Amiens → Étaples,546239.2216930162,1,1,0,0,1,Les Folies d'Eiffel,supermarket,1323.735830372492,false,false,node/11425809300,https://geo.api.gouv.fr/decoupage-administratif/communes,https://www.openstreetmap.org/copyright
FR-80488,FR,80488,80488,Longpré-les-Corps-Saints,80,1500,1.9909,50.0124,mairie api.gouv.fr,Amiens → Étaples,547521.4500365148,1,4,2,1,1,Carrefour Contact,supermarket,1505.0868379432843,false,false,node/5901801177;node/5917810306;node/6342177995;way/294398357,https://geo.api.gouv.fr/decoupage-administratif/communes,https://www.openstreetmap.org/copyright
FR-80635,FR,80635,80635,Pont-Remy,80,1438,1.9035,50.0549,mairie api.gouv.fr,Amiens → Étaples,556654.6109025978,1,2,1,0,1,Sans nom,bakery,52.15907207936091,false,false,node/6140211062;node/9851509853,https://geo.api.gouv.fr/decoupage-administratif/communes,https://www.openstreetmap.org/copyright
FR-80001,FR,80001,80001,Abbeville,80,22395,1.8341,50.1058,mairie api.gouv.fr,Amiens → Étaples,566269.5746448501,1,23,9,4,10,Carrefour Market,convenience,85.82902054106704,false,false,node/1968359734;node/2425250135;node/2490106280;node/2600040476;node/2600040491;node/2600040575;node/5041849805;node/5041849806;node/5041849807;node/5041849810;node/5404337321;node/5644616938;node/6064966886;node/6521514453;node/6522722472;node/9038271476;node/9580649497;node/10748034012;node/12621257526;node/12969063888;way/139363731;way/139367597;way/253397441,https://geo.api.gouv.fr/decoupage-administratif/communes,https://www.openstreetmap.org/copyright
FR-80368,FR,80368,80368,Friville-Escarbotin,80,4306,1.5503,50.0907,mairie api.gouv.fr,Amiens → Étaples,591891.3698636671,1,7,2,0,5,Boulangerie Boutrouille,bakery,578.7527336162617,false,false,node/7902298321;node/11007192393;node/11007627968;node/11007759932;node/11021686843;way/325182797;way/325183554,https://geo.api.gouv.fr/decoupage-administratif/communes,https://www.openstreetmap.org/copyright
FR-80039,FR,80039,80039,Ault,80,1346,1.4475,50.1014,mairie api.gouv.fr,Amiens → Étaples,600425.4857375638,1,4,2,2,0,Spar Express,convenience,6.164793193916332,false,false,node/1839000054;node/5101510490;node/13759795855;way/331650094,https://geo.api.gouv.fr/decoupage-administratif/communes,https://www.openstreetmap.org/copyright
FR-80182,FR,80182,80182,Cayeux-sur-Mer,80,2316,1.4934,50.1792,mairie api.gouv.fr,Amiens → Étaples,608322.6898107734,3,5,2,2,1,Sans nom,convenience,125.2949042974694,false,false,node/3328924985;node/4900046566;node/5085676938;node/13077793488;way/294504246,https://geo.api.gouv.fr/decoupage-administratif/communes,https://www.openstreetmap.org/copyright
FR-80618,FR,80618,80618,Pendé,80,1025,1.5865,50.1584,mairie api.gouv.fr,Amiens → Étaples,629715.7030496108,1,1,1,0,0,Sans nom,bakery,1549.987096694217,false,false,node/13093122515,https://geo.api.gouv.fr/decoupage-administratif/communes,https://www.openstreetmap.org/copyright
FR-80721,FR,80721,80721,Saint-Valery-sur-Somme,80,2306,1.6298,50.1885,mairie api.gouv.fr,Amiens → Étaples,633271.5263224631,1,9,3,4,2,Les Gourmands de St Val,convenience,3.69098275529194,false,false,node/1278590640;node/1839116956;node/2088673835;node/5085708983;node/5085708986;node/5776832845;node/13105896441;node/13762793372;way/291689960,https://geo.api.gouv.fr/decoupage-administratif/communes,https://www.openstreetmap.org/copyright
FR-80110,FR,80110,80110,Boismont,80,441,1.6848,50.1527,mairie api.gouv.fr,Amiens → Étaples,638405.3854964237,1,1,0,0,1,Carrefour Market,supermarket,630.4324583248401,false,false,node/1278599825,https://geo.api.gouv.fr/decoupage-administratif/communes,https://www.openstreetmap.org/copyright
FR-80600,FR,80600,80600,Noyelles-sur-Mer,80,636,1.7091,50.1837,mairie api.gouv.fr,Amiens → Étaples,640466.0066840701,1,1,0,1,0,Supérette de la Baie,convenience,459.6797068399061,false,false,node/10860833856,https://geo.api.gouv.fr/decoupage-administratif/communes,https://www.openstreetmap.org/copyright
FR-80228,FR,80228,80228,Le Crotoy,80,1958,1.626,50.2148,mairie api.gouv.fr,Amiens → Étaples,648319.5620241875,1,7,3,4,0,Armor lux,convenience,7.494730923885768,false,false,node/1310079278;node/1310146825;node/5041749814;node/5041749818;node/10056030865;way/240643802;way/240644457,https://geo.api.gouv.fr/decoupage-administratif/communes,https://www.openstreetmap.org/copyright
FR-80649,FR,80649,80649,Quend,80,1280,1.635,50.3166,mairie api.gouv.fr,Amiens → Étaples,663651.8168539549,1,3,2,0,1,Carrefour Contact,supermarket,420.246353284008,false,false,node/10013047743;node/12514058079;way/250727875,https://geo.api.gouv.fr/decoupage-administratif/communes,https://www.openstreetmap.org/copyright
FR-62866,FR,62866,62866,Waben,62,449,1.653,50.3794,mairie api.gouv.fr,Amiens → Étaples,674999.4769371109,3,1,1,0,0,Éclair Café,bakery,1464.507595626943,false,false,node/9973441509,https://geo.api.gouv.fr/decoupage-administratif/communes,https://www.openstreetmap.org/copyright
FR-62390,FR,62390,62390,Groffliers,62,1470,1.6169,50.3839,mairie api.gouv.fr,Amiens → Étaples,678374.1429047761,1,1,0,0,1,Leader Price Express,supermarket,339.7070464911554,false,false,node/5037488099,https://geo.api.gouv.fr/decoupage-administratif/communes,https://www.openstreetmap.org/copyright
FR-62108,FR,62108,62108,Berck,62,12951,1.5926,50.4082,mairie api.gouv.fr,Amiens → Étaples,689657.6548266006,1,22,10,6,6,Sophie Lebreuilly,bakery,34.72742698346863,false,false,node/1454475448;node/2925798171;node/2937309229;node/2937370796;node/2961625277;node/4831523524;node/5041696567;node/5041696568;node/5041696575;node/5041696584;node/5041696585;node/5041696586;node/5041696587;node/6301051188;node/6620178550;node/6684772939;node/9996971977;node/10007347309;node/10007358498;node/13462730090;way/132166760;way/132168566,https://geo.api.gouv.fr/decoupage-administratif/communes,https://www.openstreetmap.org/copyright
FR-62688,FR,62688,62688,Rang-du-Fliers,62,4297,1.6377,50.42,mairie api.gouv.fr,Amiens → Étaples,693084.2194914815,1,3,1,0,2,Ronde des Pains,bakery,10.05451911138779,false,false,node/4831523522;way/134747477;way/1271488099,https://geo.api.gouv.fr/decoupage-administratif/communes,https://www.openstreetmap.org/copyright
FR-62535,FR,62535,62535,La Madelaine-sous-Montreuil,62,149,1.7488,50.4688,mairie api.gouv.fr,Amiens → Étaples,703515.5745887298,5,1,1,0,0,Sans nom,bakery,17.982358452856904,false,false,node/4475472798,https://geo.api.gouv.fr/decoupage-administratif/communes,https://www.openstreetmap.org/copyright
FR-62588,FR,62588,62588,Montreuil-sur-Mer,62,1912,1.7637,50.4637,mairie api.gouv.fr,Amiens → Étaples,706412.5782973142,1,7,3,4,0,Debove Legumes Frais,convenience,7.289983310326011,false,false,node/454625301;node/454633910;node/1385181998;node/4477928479;node/4988840035;node/5037224544;node/12732868541,https://geo.api.gouv.fr/decoupage-administratif/communes,https://www.openstreetmap.org/copyright
FR-62752,FR,62752,62752,Saint-Josse,62,1041,1.6633,50.4696,mairie api.gouv.fr,Amiens → Étaples,715926.7380880734,2,1,0,1,0,C chez Nous,convenience,2808.221763915483,false,true,node/12587629186,https://geo.api.gouv.fr/decoupage-administratif/communes,https://www.openstreetmap.org/copyright
FR-62261,FR,62261,62261,Cucq,62,5129,1.6244,50.487,mairie api.gouv.fr,Amiens → Étaples,720452.9389457823,1,9,4,0,5,Boulangerie Patisserie Nicolas,bakery,153.92469981588954,false,false,node/1905963034;node/2958103954;node/2959854785;node/4477807341;node/4989005091;node/5356571194;node/5367744423;node/9591635731;way/123607010,https://geo.api.gouv.fr/decoupage-administratif/communes,https://www.openstreetmap.org/copyright
FR-62826,FR,62826,62826,Le Touquet-Paris-Plage,62,4224,1.5866,50.5197,mairie api.gouv.fr,Amiens → Étaples,722319.4270529081,1,12,6,5,1,Carrefour Market,supermarket,639.0548118648925,false,false,node/2958110774;node/3060544233;node/3712165257;node/3712165258;node/5037402303;node/5037402304;node/5037403222;node/5039727034;node/5039727036;node/12534252782;node/12534254412;node/13671088240,https://geo.api.gouv.fr/decoupage-administratif/communes,https://www.openstreetmap.org/copyright
FR-62318,FR,62318,62318,Étaples,62,10710,1.6381,50.5142,mairie api.gouv.fr,Étaples → Calais,722840.1381577024,1,15,7,3,5,Carrefour City,convenience,67.69506206419109,false,false,node/2958112045;node/2958907802;node/2959004201;node/2960682546;node/2960682547;node/3918927604;node/3921129661;node/5687434367;node/6208703324;node/9130553238;node/11665117347;way/156559509;way/156560369;way/156560901;way/156564716,https://geo.api.gouv.fr/decoupage-administratif/communes,https://www.openstreetmap.org/copyright
FR-62201,FR,62201,62201,Camiers,62,2582,1.613,50.5689,mairie api.gouv.fr,Étaples → Calais,729850.1366881988,1,3,1,1,1,Intermarché Super,supermarket,68.02065388800347,false,false,node/5101446923;node/5101446932;way/472994230,https://geo.api.gouv.fr/decoupage-administratif/communes,https://www.openstreetmap.org/copyright
FR-62604,FR,62604,62604,Neufchâtel-Hardelot,62,4115,1.6434,50.6189,mairie api.gouv.fr,Étaples → Calais,737224.7205810497,4,4,3,1,0,Carrefour City,convenience,1952.7147817647071,false,false,node/2302538919;node/2302556015;node/12919850927;way/506521728,https://geo.api.gouv.fr/decoupage-administratif/communes,https://www.openstreetmap.org/copyright
FR-62235,FR,62235,62235,Condette,62,2443,1.6335,50.6544,mairie api.gouv.fr,Étaples → Calais,738783.1232968952,3,2,1,0,1,Passion & Gourmandise - Boulangerie Pâtisserie,bakery,307.08438402448184,false,false,node/7756604395;way/243746102,https://geo.api.gouv.fr/decoupage-administratif/communes,https://www.openstreetmap.org/copyright
FR-62746,FR,62746,62746,Saint-Étienne-au-Mont,62,5029,1.6256,50.6815,mairie api.gouv.fr,Étaples → Calais,745113.5765608259,1,1,0,0,1,Intermarché Super,supermarket,2179.862660439787,false,true,way/132261476,https://geo.api.gouv.fr/decoupage-administratif/communes,https://www.openstreetmap.org/copyright
FR-62300,FR,62300,62300,Équihen-Plage,62,2619,1.572,50.6794,mairie api.gouv.fr,Étaples → Calais,747532.3862351805,2,3,1,1,1,Carrefour Express,convenience,760.7156414567768,false,false,node/5743270001;node/5743270002;way/1191304393,https://geo.api.gouv.fr/decoupage-administratif/communes,https://www.openstreetmap.org/copyright
FR-62643,FR,62643,62643,Outreau,62,13138,1.5928,50.7057,mairie api.gouv.fr,Étaples → Calais,748635.2094059911,3,7,1,1,5,Aldi,supermarket,122.71274876478716,false,false,node/4724648206;node/4954881771;way/129349433;way/129349576;way/129351908;way/129353155;way/856515352,https://geo.api.gouv.fr/decoupage-administratif/communes,https://www.openstreetmap.org/copyright
FR-62667,FR,62667,62667,Le Portel,62,8768,1.5764,50.7083,mairie api.gouv.fr,Étaples → Calais,750928.3276510079,2,11,6,2,3,Boulangerie Viennoiserie,bakery,16.499998017906908,false,false,node/5101358078;node/7236617243;node/11793054951;node/11793054959;node/11793054960;node/11793054961;node/11793054964;way/95923724;way/95924686;way/95925068;way/1013525089,https://geo.api.gouv.fr/decoupage-administratif/communes,https://www.openstreetmap.org/copyright
FR-62160,FR,62160,62160,Boulogne-sur-Mer,62,40539,1.6134,50.7252,mairie api.gouv.fr,Étaples → Calais,754162.2053848587,1,41,22,14,5,o pain choco,bakery,69.94512733732911,false,false,node/2048042427;node/3971064763;node/4269867366;node/4392229189;node/4393563889;node/4397633425;node/4398510575;node/4540406175;node/4600487489;node/4630596989;node/4705222846;node/4705237746;node/4705252231;node/4705255230;node/4706683451;node/4740369413;node/4740459312;node/4741155794;node/4744055733;node/4830942567;node/4934317290;node/4934529307;node/5128350707;node/5128350714;node/5131969679;node/5370509461;node/5377677255;node/5377956298;node/5378002698;node/5380198163;node/5390343020;node/5811777405;node/5812216226;node/5986927139;node/6149540269;node/8816774817;node/8890043775;node/9149352208;node/13830819759;way/96086516;way/96087781,https://geo.api.gouv.fr/decoupage-administratif/communes,https://www.openstreetmap.org/copyright
FR-62893,FR,62893,62893,Wimereux,62,6256,1.6114,50.7698,mairie api.gouv.fr,Étaples → Calais,760032.212639662,1,7,4,2,1,Intermarché Contact,convenience,97.82329586176108,false,false,node/453195904;node/4506025289;way/123234005;way/123234107;way/123234449;way/123238065;way/123238278,https://geo.api.gouv.fr/decoupage-administratif/communes,https://www.openstreetmap.org/copyright
FR-62025,FR,62025,62025,Ambleteuse,62,2033,1.6069,50.8113,mairie api.gouv.fr,Étaples → Calais,766776.2796936464,1,3,2,0,1,Carrefour Contact,supermarket,89.54313154950198,false,false,node/5614758793;node/14024814036;way/245074128,https://geo.api.gouv.fr/decoupage-administratif/communes,https://www.openstreetmap.org/copyright
FR-62056,FR,62056,62056,Audresselles,62,608,1.5958,50.8241,mairie api.gouv.fr,Étaples → Calais,768587.6203171765,1,2,1,1,0,Sans nom,bakery,15.830867043824247,false,false,node/9076935540;way/245067982,https://geo.api.gouv.fr/decoupage-administratif/communes,https://www.openstreetmap.org/copyright
FR-62054,FR,62054,62054,Audinghen,62,617,1.6132,50.8515,mairie api.gouv.fr,Étaples → Calais,773192.9025541431,2,1,1,0,0,Boulangerie Pâtisserie du Cap Gris Nez,bakery,19.482437986904287,false,false,node/800097124,https://geo.api.gouv.fr/decoupage-administratif/communes,https://www.openstreetmap.org/copyright
FR-62774,FR,62774,62774,Sangatte,62,4668,1.7591,50.9474,mairie api.gouv.fr,Étaples → Calais,796908.5663818239,3,2,1,1,0,Remi Debever,bakery,490.62586389804244,false,false,node/6747019269;way/221211931,https://geo.api.gouv.fr/decoupage-administratif/communes,https://www.openstreetmap.org/copyright
FR-62193,FR,62193,62193,Calais,62,67571,1.8546,50.9526,mairie api.gouv.fr,Étaples → Calais,802756.1360090841,3,52,19,11,22,Vrac'Opale,convenience,11.486984393044546,false,false,node/299169739;node/374210858;node/634777277;node/659861212;node/1390705423;node/1390705434;node/1947599084;node/1964444744;node/1964444747;node/2050552669;node/2059706468;node/2059716532;node/2301385504;node/3418239631;node/4513623597;node/4655902018;node/4985093978;node/5758365636;node/6906444685;node/7188482679;node/9810657167;node/10106413522;node/10106414517;node/11099084228;node/12886792869;node/13255498518;node/13952715082;node/13955372822;node/13955406196;node/13955423839;way/104546457;way/104569761;way/104572283;way/104572653;way/104689028;way/105040287;way/105045607;way/105045866;way/105374646;way/105374675;way/105384531;way/105392552;way/105447663;way/105448512;way/105450875;way/125791392;way/192505086;way/221197385;way/584769587;way/697906437;way/762110920;way/1344436777,https://geo.api.gouv.fr/decoupage-administratif/communes,https://www.openstreetmap.org/copyright
FR-62548,FR,62548,62548,Marck,62,10467,1.9561,50.949,mairie api.gouv.fr,Calais → Saint-Omer,814679.0079960171,7,5,2,1,2,Carrefour Market,supermarket,1035.2401164370722,false,false,node/5022044221;node/5559833964;way/220981975;way/220982548;way/698714907,https://geo.api.gouv.fr/decoupage-administratif/communes,https://www.openstreetmap.org/copyright
FR-62645,FR,62645,62645,Oye-Plage,62,5780,2.0426,50.9775,mairie api.gouv.fr,Calais → Saint-Omer,817450.0627485629,2,6,3,1,2,Au Sept Épis,bakery,642.6874455557946,false,false,node/770225870;node/770244215;node/1589981408;way/63435010;way/63437320;relation/1001333,https://geo.api.gouv.fr/decoupage-administratif/communes,https://www.openstreetmap.org/copyright
FR-59272,FR,59272,59272,Grand-Fort-Philippe,59,4887,2.1051,51.0008,mairie api.gouv.fr,Calais → Saint-Omer,830471.7966616121,1,3,1,1,1,Épi et Chocolat,bakery,198.43993379157058,false,false,node/3541513433;node/13855682440;way/178041246,https://geo.api.gouv.fr/decoupage-administratif/communes,https://www.openstreetmap.org/copyright
FR-59273,FR,59273,59273,Gravelines,59,11430,2.1254,50.9871,mairie api.gouv.fr,Calais → Saint-Omer,833721.4604795947,1,15,8,2,5,De Farine et d’Eau Fraîche,bakery,8.550094988572411,false,false,node/3138964536;node/3140472989;node/3143474852;node/3143474853;node/5860755964;node/6508837390;node/7649060353;node/8149193477;node/11063058388;node/13287096823;way/178161210;way/178171289;way/178172639;way/178176362;way/178180416,https://geo.api.gouv.fr/decoupage-administratif/communes,https://www.openstreetmap.org/copyright
FR-59094,FR,59094,59094,Bourbourg,59,6931,2.1957,50.9458,mairie api.gouv.fr,Calais → Saint-Omer,844092.3705347169,1,6,3,0,3,Boulangerie Pâtisserie,bakery,399.8337391035684,false,false,node/7688118700;node/12395836482;node/13708157637;way/177669707;way/177670415;way/1055304389,https://geo.api.gouv.fr/decoupage-administratif/communes,https://www.openstreetmap.org/copyright
FR-59359,FR,59359,59359,Loon-Plage,59,5952,2.2198,50.9945,mairie api.gouv.fr,Calais → Saint-Omer,850743.5354155782,1,5,2,2,1,Gohelle Market,convenience,748.4416781962228,false,false,node/9054381815;node/9054411422;node/10076672579;node/13245462029;way/178224228,https://geo.api.gouv.fr/decoupage-administratif/communes,https://www.openstreetmap.org/copyright
FR-59183,FR,59183,59183,Dunkerque,59,86263,2.3764,51.0377,mairie api.gouv.fr,Calais → Saint-Omer,854131.2483395383,4,90,49,27,14,Epicerie St Nicolas,convenience,6.90184572436131,false,false,node/1443467043;node/1828555339;node/1905217622;node/1905220620;node/1905227339;node/1905230904;node/1905236798;node/2033018344;node/2351374210;node/2351384964;node/2351486338;node/2351495833;node/2639585987;node/3010841135;node/4382158534;node/4958659464;node/5045797016;node/5045797922;node/5334791321;node/5705966078;node/5909410907;node/6262045346;node/6929876934;node/7364520677;node/7366244929;node/7366271642;node/8040729776;node/8344801620;node/8607328366;node/9091396817;node/9651551932;node/9654527602;node/9665371078;node/9670361539;node/9670674630;node/9685494788;node/9710043799;node/9720025465;node/9720025466;node/9720025467;node/9720025470;node/9728762909;node/9732739672;node/10020690113;node/10259135007;node/10618952236;node/10618952237;node/11104313953;node/11104313954;node/11116013595;node/11795461970;node/11962794379;node/12202813380;node/12339517115;node/12639105165;node/12647312710;node/12744854090;node/12802295501;node/13261508198;node/13266715067;node/13266715068;node/13386645906;node/13464871200;node/13798699715;way/76387076;way/76396148;way/76400613;way/76402028;way/76402183;way/76402189;way/76409879;way/76410662;way/76410734;way/76413731;way/76414154;way/76416778;way/76417268;way/76419104;way/76426424;way/76428886;way/76430226;way/76430230;way/76430423;way/76430670;way/118844934;way/118845832;way/118862695;way/118866896;way/118870505;way/1315041394,https://geo.api.gouv.fr/decoupage-administratif/communes,https://www.openstreetmap.org/copyright
FR-59271,FR,59271,59271,Grande-Synthe,59,20239,2.3025,51.0137,mairie api.gouv.fr,Calais → Saint-Omer,854734.3332539088,2,18,10,4,4,Auchan Drive,supermarket,40.540450379210874,false,false,node/2639593431;node/2639601324;node/2685646130;node/2714582796;node/8019975181;node/9705207155;node/9707484076;node/9709677629;node/10024318655;node/10082566659;node/10085992311;node/10618952294;node/10983829731;node/11116026433;node/12990043228;way/179804637;way/179817959;way/179819883,https://geo.api.gouv.fr/decoupage-administratif/communes,https://www.openstreetmap.org/copyright
FR-59588,FR,59588,59588,Téteghem-Coudekerque-Village,59,8247,2.4329,51.0228,mairie api.gouv.fr,Calais → Saint-Omer,871201.325154157,3,7,3,0,4,Fournier Emmanuel,bakery,350.70456228154995,false,false,node/2938747754;node/13270047262;way/179978650;way/179989879;way/180001880;way/290293580;way/722912549,https://geo.api.gouv.fr/decoupage-administratif/communes,https://www.openstreetmap.org/copyright
FR-59155,FR,59155,59155,Coudekerque-Branche,59,20787,2.381,51.0186,mairie api.gouv.fr,Calais → Saint-Omer,873884.9559411493,2,24,9,5,10,Vandecasteele,bakery,27.31530058674767,false,false,node/3186407967;node/3231330874;node/3907092256;node/4678049980;node/5500368250;node/5706012198;node/8440178903;node/8490579405;node/9282400917;node/9685750731;node/9685752137;node/9729400464;node/9730166222;node/9730166231;node/12339544893;way/116277919;way/116281955;way/116282942;way/116288537;way/312753320;way/460797574;way/772990794;way/786999857;way/923351574,https://geo.api.gouv.fr/decoupage-administratif/communes,https://www.openstreetmap.org/copyright
FR-59067,FR,59067,59067,Bergues,59,3525,2.4339,50.9686,mairie api.gouv.fr,Calais → Saint-Omer,883821.6928604157,1,6,4,2,0,Aux Moissons,bakery,8.130201008583597,false,false,node/1560163038;node/3701468952;node/7208452886;node/9056588669;node/9056588677;node/9056588678,https://geo.api.gouv.fr/decoupage-administratif/communes,https://www.openstreetmap.org/copyright
FR-59570,FR,59570,59570,Socx,59,869,2.4234,50.9358,mairie api.gouv.fr,Calais → Saint-Omer,888447.6671832022,5,3,1,0,2,Sans nom,bakery,23.647026617663744,false,false,node/4550726841;node/10083270049;node/10618425479,https://geo.api.gouv.fr/decoupage-administratif/communes,https://www.openstreetmap.org/copyright
FR-59666,FR,59666,59666,Zegerscappel,59,1562,2.3848,50.8879,mairie api.gouv.fr,Calais → Saint-Omer,895240.1728586038,7,1,0,1,0,CocciMarket,convenience,2145.2513449029984,false,true,node/5996611397,https://geo.api.gouv.fr/decoupage-administratif/communes,https://www.openstreetmap.org/copyright
FR-59089,FR,59089,59089,Bollezeele,59,1445,2.3277,50.8655,mairie api.gouv.fr,Calais → Saint-Omer,904871.771419151,2,3,1,1,1,Utile,convenience,27.51621915441125,false,false,node/1785280685;node/1785297484;node/13045633868,https://geo.api.gouv.fr/decoupage-administratif/communes,https://www.openstreetmap.org/copyright
FR-59628,FR,59628,59628,Volckerinckhove,59,573,2.3052,50.839,mairie api.gouv.fr,Calais → Saint-Omer,906485.0325231382,3,1,1,0,0,Le Four à Bois,bakery,1666.2607593193056,false,false,node/13313342543,https://geo.api.gouv.fr/decoupage-administratif/communes,https://www.openstreetmap.org/copyright
FR-59402,FR,59402,59402,Millam,59,838,2.2468,50.8561,mairie api.gouv.fr,Calais → Saint-Omer,911825.429217423,3,1,1,0,0,Sans nom,bakery,1387.0592053014516,false,false,node/13294143246,https://geo.api.gouv.fr/decoupage-administratif/communes,https://www.openstreetmap.org/copyright
FR-59647,FR,59647,59647,Watten,59,2564,2.2133,50.8325,mairie api.gouv.fr,Calais → Saint-Omer,912347.5787302608,4,5,3,1,1,Martinez,bakery,8.326040876471426,false,false,node/767249696;node/5085849708;node/5085849709;node/13084988279;way/67989472,https://geo.api.gouv.fr/decoupage-administratif/communes,https://www.openstreetmap.org/copyright
FR-62297,FR,62297,62297,Éperlecques,62,3737,2.1544,50.8057,mairie api.gouv.fr,Calais → Saint-Omer,921923.3180021474,2,2,1,0,1,Carrefour Market,supermarket,681.2446649641155,false,false,node/767101446;node/9139420973,https://geo.api.gouv.fr/decoupage-administratif/communes,https://www.openstreetmap.org/copyright
FR-62819,FR,62819,62819,Tilques,62,1072,2.2049,50.7775,mairie api.gouv.fr,Calais → Saint-Omer,931533.4137547624,1,1,1,0,0,Boulangerie Julien,bakery,487.7005230151203,false,false,node/10729504077,https://geo.api.gouv.fr/decoupage-administratif/communes,https://www.openstreetmap.org/copyright
FR-62757,FR,62757,62757,Saint-Martin-lez-Tatinghem,62,5843,2.2383,50.7541,mairie api.gouv.fr,Calais → Saint-Omer,935437.7613829254,3,6,1,0,5,Aldi,supermarket,274.72521064668746,false,false,node/8350544274;node/8491310221;node/11472779453;node/13157094376;node/13158098659;way/167244308,https://geo.api.gouv.fr/decoupage-administratif/communes,https://www.openstreetmap.org/copyright
FR-62765,FR,62765,62765,Saint-Omer,62,14382,2.2536,50.7519,mairie api.gouv.fr,Calais → Saint-Omer,937526.6461677372,1,18,11,5,2,L'artisanale,bakery,5.097901391518695,false,false,node/3554422547;node/3554422549;node/3554422550;node/3554472063;node/7780178785;node/7780178786;node/7788361085;node/7797007485;node/8356039026;node/11476537140;node/11476540939;node/11638398898;node/11638461203;node/11638462244;node/12539850500;node/12549258320;node/13158633158;way/166839104,https://geo.api.gouv.fr/decoupage-administratif/communes,https://www.openstreetmap.org/copyright
FR-62040,FR,62040,62040,Arques,62,9431,2.2949,50.7337,mairie api.gouv.fr,Saint-Omer → Lille,944997.4363402221,4,14,5,4,5,Proxy,convenience,1633.6269483659476,false,false,node/1665587241;node/1665592895;node/3444747891;node/3554044693;node/3554047716;node/3554168234;node/3554257203;node/3707592775;node/7671716027;node/12122548152;node/12430835928;way/168330807;way/168334497;way/761000419,https://geo.api.gouv.fr/decoupage-administratif/communes,https://www.openstreetmap.org/copyright
FR-59436,FR,59436,59436,Noordpeene,59,825,2.4002,50.8075,mairie api.gouv.fr,Saint-Omer → Lille,954906.5785296311,1,1,1,0,0,Aux Délices des Flandres,bakery,1581.135591710083,false,false,way/70019610,https://geo.api.gouv.fr/decoupage-administratif/communes,https://www.openstreetmap.org/copyright
FR-59054,FR,59054,59054,Bavinchove,59,1045,2.452,50.7866,mairie api.gouv.fr,Saint-Omer → Lille,961002.3358789929,3,1,0,0,1,Boucherie,supermarket,1690.626484065449,false,false,node/3659207230,https://geo.api.gouv.fr/decoupage-administratif/communes,https://www.openstreetmap.org/copyright
FR-59135,FR,59135,59135,Cassel,59,2198,2.4858,50.8002,mairie api.gouv.fr,Saint-Omer → Lille,961646.8281233873,3,3,2,0,1,Boulangerie-pâtisserie Wallaert,bakery,7.8770403587955204,false,false,node/5918815891;node/13308234914;way/81360582,https://geo.api.gouv.fr/decoupage-administratif/communes,https://www.openstreetmap.org/copyright
FR-59536,FR,59536,59536,Sainte-Marie-Cappel,59,825,2.5088,50.7844,mairie api.gouv.fr,Saint-Omer → Lille,966516.6839615211,1,1,1,0,0,Paul & Maria,bakery,288.96439762116034,false,false,node/5522180274,https://geo.api.gouv.fr/decoupage-administratif/communes,https://www.openstreetmap.org/copyright
FR-59587,FR,59587,59587,Terdeghem,59,519,2.5395,50.7984,mairie api.gouv.fr,Saint-Omer → Lille,969941.5601630479,1,3,0,0,3,Super U,supermarket,927.2392560420246,false,false,way/107040178;way/107040771;way/375706693,https://geo.api.gouv.fr/decoupage-administratif/communes,https://www.openstreetmap.org/copyright
FR-59580,FR,59580,59580,Steenvoorde,59,4332,2.5778,50.81,mairie api.gouv.fr,Saint-Omer → Lille,973232.1628567599,1,8,3,5,0,Boulangerie Patisserie Deblock,bakery,16.95729467749587,false,false,node/3151756638;node/4656553077;node/7086163129;node/7323363455;node/12643068442;node/12643068444;way/100858040;way/100859227,https://geo.api.gouv.fr/decoupage-administratif/communes,https://www.openstreetmap.org/copyright
FR-59262,FR,59262,59262,Godewaersvelde,59,2024,2.6441,50.7942,mairie api.gouv.fr,Saint-Omer → Lille,980720.5375598207,1,1,1,0,0,Boulangerie de Dequeeker,bakery,254.29538575117263,false,false,way/100825202,https://geo.api.gouv.fr/decoupage-administratif/communes,https://www.openstreetmap.org/copyright
FR-59401,FR,59401,59401,Méteren,59,2231,2.6905,50.7405,mairie api.gouv.fr,Saint-Omer → Lille,983682.6072716614,2,2,1,1,0,Au Pain de Campagne,bakery,4627.149952670887,false,true,node/9660637699;node/9727742656,https://geo.api.gouv.fr/decoupage-administratif/communes,https://www.openstreetmap.org/copyright
FR-59086,FR,59086,59086,Boeschepe,59,2244,2.691,50.8003,mairie api.gouv.fr,Saint-Omer → Lille,985888.2715338122,5,2,1,1,0,La Boulangerie du Moulin,bakery,1928.6852637555178,false,false,node/8429168974;node/8429168975,https://geo.api.gouv.fr/decoupage-administratif/communes,https://www.openstreetmap.org/copyright
FR-59535,FR,59535,59535,Saint-Jans-Cappel,59,1598,2.7198,50.7634,mairie api.gouv.fr,Saint-Omer → Lille,987451.5906216693,3,1,1,0,0,Du pain sur la planche,bakery,1481.9141891300046,false,false,node/9471922007,https://geo.api.gouv.fr/decoupage-administratif/communes,https://www.openstreetmap.org/copyright
BE-33039,BE,33039,,Heuvelland,Province de Flandre occidentale,,2.8303122951436888,50.77550209814787,centre géographique NGI/ODWB 2025,Saint-Omer → Lille,995501.5133700559,10,7,4,2,1,Geert,bakery,11.907156782296738,false,false,node/5449119675;node/6860214527;node/8097639222;node/8938746474;node/9856193290;way/383659443;way/1088944004,https://www.odwb.be/explore/dataset/communes-gemeente-vintage-millesime-belgium/,https://www.openstreetmap.org/copyright
FR-59043,FR,59043,59043,Bailleul,59,14732,2.7347,50.7398,mairie api.gouv.fr,Saint-Omer → Lille,1004054.9863800808,1,13,7,1,5,Karina Durik,bakery,7.943732633354811,false,false,node/5828901074;node/6387785020;node/7287979785;node/7287979885;node/9865816685;node/10807170705;node/12504500686;node/12504500690;node/12617838692;node/12677009901;way/81168014;way/81170673;way/81172981,https://geo.api.gouv.fr/decoupage-administratif/communes,https://www.openstreetmap.org/copyright
FR-59431,FR,59431,59431,Nieppe,59,7764,2.838,50.7049,mairie api.gouv.fr,Saint-Omer → Lille,1013923.2743460722,12,6,3,2,1,L'Atelier du pain,bakery,209.22931215167912,false,false,node/8875302441;node/13351387436;node/13351387439;way/110671658;way/110671915;way/139629223,https://geo.api.gouv.fr/decoupage-administratif/communes,https://www.openstreetmap.org/copyright
BE-57097,BE,57097,,Comines-Warneton,Province du Hainaut,,2.9303672228608684,50.75158576747636,centre géographique NGI/ODWB 2025,Saint-Omer → Lille,1016484.3171877943,3,12,3,3,6,ALDI,supermarket,1548.6252014657273,false,false,node/5369911506;node/6135826185;node/8154286593;node/11117041705;way/220598234;way/265599759;way/364257791;way/511159849;way/750056981;way/843556660;way/843864907;way/843880194,https://www.odwb.be/explore/dataset/communes-gemeente-vintage-millesime-belgium/,https://www.openstreetmap.org/copyright
FR-59017,FR,59017,59017,Armentières,59,26998,2.8825,50.6867,mairie api.gouv.fr,Saint-Omer → Lille,1020233.5746285438,1,24,6,13,5,Au 51,convenience,6.348917195935102,false,false,node/2410617830;node/2611093483;node/4714897711;node/6190840800;node/6333063292;node/6862785204;node/7359115795;node/7359115796;node/7702454985;node/7916250089;node/8823718218;node/8823726717;node/9527532322;node/12232846122;node/12237544643;node/12246860955;node/12255924958;node/12260651060;node/12260651061;node/12260956787;node/12523085191;node/13382858761;node/13383380921;node/13383468795,https://geo.api.gouv.fr/decoupage-administratif/communes,https://www.openstreetmap.org/copyright
FR-59317,FR,59317,59317,Houplines,59,7921,2.9081,50.689,mairie api.gouv.fr,Saint-Omer → Lille,1022216.8982153577,2,6,2,2,2,Super U,supermarket,265.7254704928934,false,false,node/5860794624;node/9923329502;node/13381201017;node/13394534608;way/127114427;way/1346184395,https://geo.api.gouv.fr/decoupage-administratif/communes,https://www.openstreetmap.org/copyright
FR-59252,FR,59252,59252,Frelinghien,59,2609,2.9322,50.7114,mairie api.gouv.fr,Saint-Omer → Lille,1025492.5067325376,2,2,1,0,1,Boulangerie de la Grand Place,bakery,10.38096774809581,false,false,node/924578649;node/2751632934,https://geo.api.gouv.fr/decoupage-administratif/communes,https://www.openstreetmap.org/copyright
FR-59611,FR,59611,59611,Verlinghem,59,2682,2.9956,50.6812,mairie api.gouv.fr,Saint-Omer → Lille,1031147.6630964944,1,1,1,0,0,Boulangerie Pâtisserie Vincent,bakery,2524.22670233171,false,true,node/3102462719,https://geo.api.gouv.fr/decoupage-administratif/communes,https://www.openstreetmap.org/copyright
FR-59328,FR,59328,59328,Lambersart,59,27090,3.0212,50.6474,mairie api.gouv.fr,Saint-Omer → Lille,1036021.0361826498,1,18,8,5,5,Le Pain d'Adrien,bakery,19.051145502801646,false,false,node/3151500115;node/3328710136;node/3328741981;node/3645026330;node/4379075525;node/5650548247;node/6110774807;node/6129162573;node/6180421815;node/6514010079;node/6612259257;node/7913620651;node/8423136670;way/125876793;way/125880158;way/285884580;way/312891854;way/785351090,https://geo.api.gouv.fr/decoupage-administratif/communes,https://www.openstreetmap.org/copyright
FR-59527,FR,59527,59527,Saint-André-lez-Lille,59,13233,3.05,50.6611,mairie api.gouv.fr,Saint-Omer → Lille,1037985.9751224222,1,6,3,2,1,Boulangerie Brier,bakery,675.1014289311003,false,false,node/4515754608;node/4590433647;node/5624430622;node/5919301693;node/7702454588;node/9631184237,https://geo.api.gouv.fr/decoupage-administratif/communes,https://www.openstreetmap.org/copyright
FR-59350,FR,59350,59350,Lille,59,238246,3.071,50.6304,mairie api.gouv.fr,Lille → Arras,1042932.9891786083,1,304,104,162,38,Valérie & Raphaël Brier,bakery,6.913269528781712,false,false,node/581061507;node/674884876;node/925930851;node/974404199;node/978036765;node/1102402489;node/1443462548;node/1495214832;node/1505160553;node/1643013159;node/1670027777;node/1753807367;node/1788669979;node/1789000232;node/1811698458;node/1893467682;node/1946057442;node/1964243508;node/2013596754;node/2096251581;node/2300149997;node/2300170109;node/2389863568;node/2389863570;node/2389869342;node/2389869346;node/2419310176;node/2499972934;node/2694370886;node/2717259522;node/2717259664;node/2717259667;node/2717260096;node/2835263014;node/2995959296;node/3018165317;node/3097337835;node/3113312896;node/3120124169;node/3141453022;node/3223270192;node/3328754003;node/3475284176;node/4151289094;node/4236323816;node/4391952289;node/4405089247;node/4405089248;node/4504620806;node/4671775430;node/4688545391;node/4713330928;node/4729046617;node/4769374370;node/4818250202;node/4845232029;node/4845232030;node/4915988521;node/5000154954;node/5000154955;node/5101058622;node/5134071722;node/5163090885;node/5163090912;node/5163090915;node/5163093743;node/5163093760;node/5163601538;node/5202232443;node/5225103900;node/5265648436;node/5267690519;node/5285852007;node/5300573925;node/5325741132;node/5325752882;node/5325754296;node/5325754303;node/5325754314;node/5331690506;node/5333316108;node/5348005761;node/5361882737;node/5383244423;node/5455331784;node/5455331785;node/5538696789;node/5555156966;node/5613140822;node/5625072731;node/5643696574;node/5654778642;node/5701699239;node/5701699240;node/5724126435;node/5745648143;node/5788114770;node/5788114780;node/5827441495;node/5854509343;node/5856187371;node/5942418309;node/6007375130;node/6057581859;node/6119981563;node/6159414377;node/6171946494;node/6196355935;node/6234876725;node/6239905971;node/6276579992;node/6276579993;node/6276579994;node/6276579995;node/6276579997;node/6276579998;node/6276580000;node/6276580001;node/6280814523;node/6333900373;node/6335434119;node/6394849119;node/6506248319;node/6532273496;node/6532278292;node/6537384391;node/6537402089;node/6581978443;node/6610920947;node/6875475073;node/6915134069;node/6924159733;node/6957432264;node/6960071000;node/7044899434;node/7160589965;node/7170456426;node/7183897487;node/7230131498;node/7230131499;node/7230131509;node/7330223510;node/7373074705;node/7391828969;node/7419198913;node/7429068422;node/7457900798;node/7649296767;node/7686937821;node/7726140061;node/7792928512;node/7822987106;node/7822987109;node/7858105287;node/7858105288;node/7881897330;node/7885073437;node/7973816966;node/7992649686;node/8111189388;node/8292679903;node/8292679908;node/8340086057;node/8340086059;node/8425684270;node/8450790156;node/8473463177;node/8473463178;node/8476093977;node/8478768569;node/8608343229;node/8608343241;node/8640070596;node/8865817822;node/8871460617;node/8871577617;node/8940600352;node/8946305618;node/8949021836;node/8949302002;node/8953302627;node/8956049124;node/8971710127;node/9001296605;node/9006265511;node/9023199479;node/9026831474;node/9027100999;node/9045178703;node/9057219576;node/9061844107;node/9063559045;node/9094411402;node/9136359796;node/9152543301;node/9152601455;node/9158415701;node/9233242859;node/9338777645;node/9624842603;node/9671665331;node/9671912820;node/9683425650;node/9759884251;node/9946833085;node/9972346644;node/9972346647;node/10121949717;node/10570245446;node/10902348105;node/10996980643;node/10996980644;node/11085316242;node/11158709460;node/11802277923;node/11827003797;node/11838218069;node/11987377321;node/12337188657;node/12361270613;node/12394399190;node/12580129597;node/12589523468;node/12597012932;node/12599392791;node/12670277748;node/12715535020;node/12836376324;node/13265980502;node/13299060650;node/13376865483;node/13376865484;node/13376876856;node/13391109903;node/13450662299;node/13711301733;node/13711301736;node/13713621336;node/13760476495;node/13807000227;node/13807000238;node/13815024485;node/13820567734;node/13820567736;node/13827610743;node/13856015722;node/13860167277;node/13892700076;way/39437081;way/39437264;way/39946560;way/41284693;way/42463165;way/42465859;way/42507270;way/54208955;way/59468860;way/59468875;way/59469018;way/59568883;way/59914706;way/60050202;way/60050208;way/60491626;way/63619080;way/65204032;way/65209222;way/70218567;way/84397460;way/84398484;way/84398619;way/84398971;way/84402289;way/84402910;way/84403801;way/84447636;way/84447792;way/84450587;way/84920553;way/84920732;way/84930523;way/84939629;way/84939752;way/85087109;way/85090514;way/85091267;way/85093309;way/85098946;way/100656568;way/108108040;way/108109861;way/108183608;way/108186200;way/108186727;way/108763237;way/148035721;way/253673628;way/292053265;way/310152185;way/865327494;way/993677962;way/1166230738;way/1167157321;relation/11371637,https://geo.api.gouv.fr/decoupage-administratif/communes,https://www.openstreetmap.org/copyright
FR-59346,FR,59346,59346,Lezennes,59,2978,3.1169,50.6151,mairie api.gouv.fr,Lille → Arras,1047114.0346387917,1,3,1,0,2,Aldi,supermarket,46.661707961860216,false,false,node/3569595501;way/79712176;way/79712367,https://geo.api.gouv.fr/decoupage-administratif/communes,https://www.openstreetmap.org/copyright
FR-59009,FR,59009,59009,Villeneuve-d'Ascq,59,62868,3.1318,50.6195,mairie api.gouv.fr,Lille → Arras,1048458.0734565741,1,46,22,14,10,Og Boulangerie,bakery,17.756864342210488,false,false,node/766682470;node/2042752112;node/2042757094;node/2299959605;node/2300108590;node/3009186807;node/3361772847;node/3362269799;node/3362269801;node/5263715886;node/5747642210;node/5862922841;node/6085563047;node/6412802315;node/7231732493;node/7424474063;node/7756161340;node/7907308119;node/7907308120;node/7997525639;node/8096094058;node/9165552258;node/9775179118;node/10574638960;node/11780273292;node/11839215356;node/12794483601;node/13592167401;node/13944107580;way/76605029;way/76731808;way/77118277;way/77118387;way/77462406;way/77463651;way/77463739;way/77891579;way/77892756;way/79064657;way/79495805;way/79497410;way/79508994;way/79526293;way/740763266;way/740763267;way/925376979,https://geo.api.gouv.fr/decoupage-administratif/communes,https://www.openstreetmap.org/copyright
FR-59602,FR,59602,59602,Tressin,59,1386,3.1925,50.6169,mairie api.gouv.fr,Lille → Arras,1053153.8072928912,1,1,1,0,0,Grégoire Motte,bakery,503.456669009468,false,false,node/2387443627,https://geo.api.gouv.fr/decoupage-administratif/communes,https://www.openstreetmap.org/copyright
FR-59146,FR,59146,59146,Chéreng,59,3078,3.2023,50.6109,mairie api.gouv.fr,Lille → Arras,1053663.6761907397,1,3,2,1,0,Hervé Delepierre,bakery,518.2361123409098,false,false,way/70255916;way/70256103;way/70256853,https://geo.api.gouv.fr/decoupage-administratif/communes,https://www.openstreetmap.org/copyright
FR-59106,FR,59106,59106,Bouvines,59,766,3.1889,50.5792,mairie api.gouv.fr,Lille → Arras,1055779.005297932,1,3,1,1,1,Epicerie,convenience,1722.2452848476603,false,false,node/2645332434;node/6982944538;node/8930932619,https://geo.api.gouv.fr/decoupage-administratif/communes,https://www.openstreetmap.org/copyright
FR-59523,FR,59523,59523,Sainghin-en-Mélantois,59,2840,3.1669,50.5894,mairie api.gouv.fr,Lille → Arras,1057445.0074250672,7,3,2,1,0,Carrefour Express,convenience,1089.7531241818072,false,false,node/767088662;node/8644665910;node/12550926490,https://geo.api.gouv.fr/decoupage-administratif/communes,https://www.openstreetmap.org/copyright
FR-59168,FR,59168,59168,Cysoing,59,4839,3.2151,50.5648,mairie api.gouv.fr,Lille → Arras,1059061.388623591,2,6,2,2,2,Boulangerie Alvin,bakery,2123.4700182803126,false,true,node/6144616968;node/8649131275;node/9798677530;node/9798677534;way/34565723;way/444142667,https://geo.api.gouv.fr/decoupage-administratif/communes,https://www.openstreetmap.org/copyright
FR-59586,FR,59586,59586,Templeuve-en-Pévèle,59,7202,3.1745,50.533,mairie api.gouv.fr,Lille → Arras,1061332.791808574,4,5,2,2,1,Les Maraîchers de Bonnace,convenience,544.6281678276696,false,false,node/2390561553;node/2390652974;node/8075771022;node/9071412777;way/78839629,https://geo.api.gouv.fr/decoupage-administratif/communes,https://www.openstreetmap.org/copyright
FR-59256,FR,59256,59256,Fretin,59,3214,3.1352,50.5594,mairie api.gouv.fr,Lille → Arras,1061844.217332531,2,1,0,1,0,Vival,convenience,1313.8911611384206,false,false,node/13630893396,https://geo.api.gouv.fr/decoupage-administratif/communes,https://www.openstreetmap.org/copyright
FR-59034,FR,59034,59034,Avelin,59,2561,3.0812,50.5379,mairie api.gouv.fr,Lille → Arras,1068250.582301023,2,3,1,2,0,Be Vrac,convenience,2067.3682386715936,false,true,node/5812263843;node/8434607824;node/9471352327,https://geo.api.gouv.fr/decoupage-administratif/communes,https://www.openstreetmap.org/copyright
FR-59022,FR,59022,59022,Attiches,59,2245,3.058,50.5225,mairie api.gouv.fr,Lille → Arras,1073877.2432186059,1,1,1,0,0,Boulangerie Thomas,bakery,882.8707216328048,false,false,way/180914244,https://geo.api.gouv.fr/decoupage-administratif/communes,https://www.openstreetmap.org/copyright
FR-59630,FR,59630,59630,Wahagnies,59,2613,3.0358,50.4864,mairie api.gouv.fr,Lille → Arras,1077612.2038299153,1,2,1,1,0,Proxi,convenience,231.23208449214695,false,false,node/8670999430;node/8671042221,https://geo.api.gouv.fr/decoupage-administratif/communes,https://www.openstreetmap.org/copyright
FR-62907,FR,62907,62907,Libercourt,62,7973,3.0101,50.4803,mairie api.gouv.fr,Lille → Arras,1079260.6664276882,3,4,2,0,2,Boulangerie Pâtisserie Rosada,bakery,481.0124801009476,false,false,node/7764422047;node/8944750775;way/240692919;way/240693487,https://geo.api.gouv.fr/decoupage-administratif/communes,https://www.openstreetmap.org/copyright
FR-62215,FR,62215,62215,Carvin,62,17909,2.9582,50.4914,mairie api.gouv.fr,Lille → Arras,1083170.489099733,3,18,10,2,6,L'Épi d'Or,bakery,553.7554964789942,false,false,node/4187322063;node/7995111866;node/7995112028;node/7995157689;node/7995157690;node/7995158085;node/8640798584;node/11038716905;node/11941592845;node/11942010665;node/12534828533;node/13245490338;node/13245490339;way/171153561;way/171159535;way/171162913;way/171164738;way/514223526,https://geo.api.gouv.fr/decoupage-administratif/communes,https://www.openstreetmap.org/copyright
FR-62637,FR,62637,62637,Oignies,62,10323,2.9919,50.4686,mairie api.gouv.fr,Lille → Arras,1086521.8033649423,1,5,3,1,1,La Gourmandy's,bakery,1393.3475877393541,false,false,node/4662970599;node/10910932606;node/11393130231;node/13810855111;way/240770532,https://geo.api.gouv.fr/decoupage-administratif/communes,https://www.openstreetmap.org/copyright
FR-62250,FR,62250,62250,Courrières,62,10176,2.9463,50.4584,mairie api.gouv.fr,Lille → Arras,1087997.8622088046,3,10,6,2,2,La Fromentine,bakery,209.32450317967317,false,false,node/5062878151;node/10240743645;way/240840434;way/240848658;way/240849813;way/240851268;way/240853619;way/240855384;way/240856275;way/240856876,https://geo.api.gouv.fr/decoupage-administratif/communes,https://www.openstreetmap.org/copyright
FR-62413,FR,62413,62413,Harnes,62,12247,2.9051,50.4441,mairie api.gouv.fr,Lille → Arras,1092144.8337356576,3,6,1,2,3,Carrefour Contact,convenience,434.26503861085143,false,false,node/11769030469;node/11769043369;node/11769043569;way/171287186;way/661375961;way/740648457,https://geo.api.gouv.fr/decoupage-administratif/communes,https://www.openstreetmap.org/copyright
FR-62351,FR,62351,62351,Fouquières-lès-Lens,62,6087,2.9134,50.4299,mairie api.gouv.fr,Lille → Arras,1093903.235784179,3,1,0,0,1,Aldi,supermarket,1672.2460856742173,false,false,way/141263826,https://geo.api.gouv.fr/decoupage-administratif/communes,https://www.openstreetmap.org/copyright
FR-62628,FR,62628,62628,Noyelles-sous-Lens,62,6854,2.8741,50.4311,mairie api.gouv.fr,Lille → Arras,1094303.1214808095,5,2,1,0,1,Intermarché Super,supermarket,50.52264941976524,false,false,node/12997934083;way/752963854,https://geo.api.gouv.fr/decoupage-administratif/communes,https://www.openstreetmap.org/copyright
FR-62771,FR,62771,62771,Sallaumines,62,9414,2.8597,50.4211,mairie api.gouv.fr,Lille → Arras,1099408.6665064106,1,2,0,0,2,Lidl,supermarket,73.17739948802158,false,false,node/6227559214;way/241017041,https://geo.api.gouv.fr/decoupage-administratif/communes,https://www.openstreetmap.org/copyright
FR-62065,FR,62065,62065,Avion,62,17435,2.8338,50.4131,mairie api.gouv.fr,Lille → Arras,1101110.8325840312,1,5,1,1,3,Carrefour Market,convenience,148.44646906369638,false,false,node/1753805967;node/6191906008;node/11918036769;way/105522541;way/105533238,https://geo.api.gouv.fr/decoupage-administratif/communes,https://www.openstreetmap.org/copyright
FR-62498,FR,62498,62498,Lens,62,32920,2.8319,50.4288,mairie api.gouv.fr,Lille → Arras,1102556.0623232117,1,30,14,12,4,Total Access,convenience,251.52383728975835,false,false,node/497368112;node/3728237445;node/3730383317;node/5580056806;node/5704660021;node/5704660033;node/5808465453;node/6271109233;node/6271109245;node/7973937089;node/7973964087;node/8093368820;node/8093369221;node/8599487537;node/8640190140;node/8650406267;node/10649016643;node/10649076820;node/11837068124;node/12590503801;node/12590503806;node/12590516193;node/12590543815;way/106129315;way/106142786;way/106150378;way/106151080;way/106165341;way/944000436;way/1315509032,https://geo.api.gouv.fr/decoupage-administratif/communes,https://www.openstreetmap.org/copyright
FR-62291,FR,62291,62291,Éleu-dit-Leauwette,62,2805,2.8175,50.4158,mairie api.gouv.fr,Lille → Arras,1103867.176835745,1,5,3,1,1,Chronodrive.com,supermarket,156.35854592366766,false,false,node/4414789670;node/8093369020;node/8093369021;node/8425336119;node/13567514212,https://geo.api.gouv.fr/decoupage-administratif/communes,https://www.openstreetmap.org/copyright
FR-62510,FR,62510,62510,Liévin,62,30063,2.7847,50.4211,mairie api.gouv.fr,Lille → Arras,1105503.1988888092,1,11,3,1,7,Netto,supermarket,1244.542582498576,false,false,node/2585014380;node/11015668673;node/12327665186;node/13140884756;node/13245433838;way/105101594;way/105103719;way/105105082;way/378973483;way/949698648;way/1012472055,https://geo.api.gouv.fr/decoupage-administratif/communes,https://www.openstreetmap.org/copyright
FR-62032,FR,62032,62032,Angres,62,4641,2.7562,50.4088,mairie api.gouv.fr,Lille → Arras,1107740.2650027822,1,3,0,2,1,Carrefour Express,convenience,406.617259449825,false,false,node/10203740099;way/241492510;relation/19436911,https://geo.api.gouv.fr/decoupage-administratif/communes,https://www.openstreetmap.org/copyright
FR-62371,FR,62371,62371,Givenchy-en-Gohelle,62,2072,2.7725,50.3915,mairie api.gouv.fr,Lille → Arras,1108128.112797185,3,1,1,0,0,Boulangerie Falinski,bakery,297.5040558344482,false,false,way/245430917,https://geo.api.gouv.fr/decoupage-administratif/communes,https://www.openstreetmap.org/copyright
FR-62609,FR,62609,62609,Neuville-Saint-Vaast,62,1628,2.7604,50.3552,mairie api.gouv.fr,Lille → Arras,1112090.6739709263,1,3,1,2,0,La Neuvilloise,bakery,1789.3222958803524,false,false,node/13270080184;node/13270080185;node/13271819201,https://geo.api.gouv.fr/decoupage-administratif/communes,https://www.openstreetmap.org/copyright
FR-62801,FR,62801,62801,Souchez,62,2663,2.7409,50.391,mairie api.gouv.fr,Lille → Arras,1115824.9513847816,2,5,2,3,0,CocciMarket,convenience,74.61496670195623,false,false,node/8425344617;node/9242953544;way/159110812;way/159110940;way/159112257,https://geo.api.gouv.fr/decoupage-administratif/communes,https://www.openstreetmap.org/copyright
FR-62001,FR,62001,62001,Ablain-Saint-Nazaire,62,1994,2.7123,50.3925,mairie api.gouv.fr,Lille → Arras,1117297.3871835147,2,1,1,0,0,Sans nom,bakery,738.138130501982,false,false,way/245369228,https://geo.api.gouv.fr/decoupage-administratif/communes,https://www.openstreetmap.org/copyright
FR-62019,FR,62019,62019,Aix-Noulette,62,3902,2.7106,50.4267,mairie api.gouv.fr,Lille → Arras,1125374.1663694703,1,3,2,0,1,Sans nom,bakery,1241.662392709341,false,false,node/10763293282;node/12851478283;way/241526532,https://geo.api.gouv.fr/decoupage-administratif/communes,https://www.openstreetmap.org/copyright
FR-62793,FR,62793,62793,Servins,62,1147,2.642,50.4098,mairie api.gouv.fr,Lille → Arras,1130568.4577998852,6,1,1,0,0,Sans nom,bakery,460.2193959039641,false,false,way/241596206,https://geo.api.gouv.fr/decoupage-administratif/communes,https://www.openstreetmap.org/copyright
FR-62443,FR,62443,62443,Hersin-Coupigny,62,6082,2.6498,50.4494,mairie api.gouv.fr,Lille → Arras,1131015.7321205125,1,3,1,0,2,Sans nom,bakery,2710.830053718542,false,true,node/7972711573;node/10592093788;way/203773193,https://geo.api.gouv.fr/decoupage-administratif/communes,https://www.openstreetmap.org/copyright
FR-62314,FR,62314,62314,Estrée-Cauchy,62,354,2.6091,50.3983,mairie api.gouv.fr,Lille → Arras,1135761.242993189,1,1,1,0,0,Au Pain Doré,bakery,1887.8153676145598,false,false,node/11874581607,https://geo.api.gouv.fr/decoupage-administratif/communes,https://www.openstreetmap.org/copyright
FR-62557,FR,62557,62557,Marœuil,62,2422,2.7054,50.3233,mairie api.gouv.fr,Lille → Arras,1148852.107419725,1,2,1,0,1,Les Maîtres du Pain,bakery,219.95433562185582,false,false,node/13140773978;way/144890838,https://geo.api.gouv.fr/decoupage-administratif/communes,https://www.openstreetmap.org/copyright
FR-62279,FR,62279,62279,Duisans,62,1399,2.688,50.3059,mairie api.gouv.fr,Lille → Arras,1151452.1436999433,3,1,1,0,0,Sans nom,bakery,996.7479362970672,false,false,way/235333597,https://geo.api.gouv.fr/decoupage-administratif/communes,https://www.openstreetmap.org/copyright
FR-62263,FR,62263,62263,Dainville,62,5683,2.7228,50.2806,mairie api.gouv.fr,Lille → Arras,1153473.2066668542,3,5,2,1,2,Boulangerie Pâtisserie Houda,bakery,18.267619821236284,false,false,node/4933384837;node/12673542844;node/12691166998;way/144814707;way/886413974,https://geo.api.gouv.fr/decoupage-administratif/communes,https://www.openstreetmap.org/copyright
FR-62041,FR,62041,62041,Arras,62,42875,2.7788,50.2936,mairie api.gouv.fr,Lille → Arras,1157703.7204164423,2,60,27,17,16,Carrefour City,convenience,7.5497881248098375,false,false,node/1458870983;node/2096870017;node/2102781173;node/2941040862;node/2941077068;node/4587005318;node/5959810428;node/6214324165;node/6651642217;node/6918226246;node/7036928259;node/7476328659;node/7985996089;node/8266294549;node/8305662899;node/8337875838;node/8390218239;node/9934213200;node/9996842990;node/10005201743;node/10015471695;node/10016184669;node/10016184671;node/10016184675;node/10016421708;node/10016955393;node/10016977687;node/10016977694;node/10027934356;node/10030151694;node/10034218887;node/10123118695;node/10139339047;node/10151374353;node/10185173369;node/10302966176;node/10559378389;node/11888646848;node/12067624374;node/12070026174;node/12461300353;node/12484795970;node/12618716451;node/12988372826;node/13163219238;node/13192039069;node/13240430868;node/13251340740;node/13390369898;node/13458265267;node/13815776201;node/13928593820;way/78250749;way/144212277;way/144222322;way/144240987;way/144252734;way/144267444;way/144306071;way/641886531,https://geo.api.gouv.fr/decoupage-administratif/communes,https://www.openstreetmap.org/copyright
FR-62004,FR,62004,62004,Achicourt,62,7873,2.7579,50.2731,mairie api.gouv.fr,Lille → Arras,1158356.5178961942,1,8,5,1,2,Sans nom,bakery,740.0322644162629,false,false,node/6828208723;node/10297856522;node/11559434192;node/12697230790;node/12839463622;node/12981630769;node/13260156880;way/413993860,https://geo.api.gouv.fr/decoupage-administratif/communes,https://www.openstreetmap.org/copyright
FR-62764,FR,62764,62764,Saint-Nicolas,62,4494,2.7765,50.3023,mairie api.gouv.fr,Arras → Condé-sur-l’Escaut,1162645.355104877,1,2,1,0,1,Simplicité par Jim,bakery,218.93617964211907,false,false,node/13252729232;way/145595126,https://geo.api.gouv.fr/decoupage-administratif/communes,https://www.openstreetmap.org/copyright
FR-62753,FR,62753,62753,Saint-Laurent-Blangy,62,6459,2.8013,50.2993,mairie api.gouv.fr,Arras → Condé-sur-l’Escaut,1164309.0632244025,1,7,3,1,3,Boulangerie Ségard,bakery,246.06630866643474,false,false,node/7087488074;node/7087488075;node/12851373621;node/12879150502;way/145786725;way/224471308;way/765244731,https://geo.api.gouv.fr/decoupage-administratif/communes,https://www.openstreetmap.org/copyright
FR-62323,FR,62323,62323,Fampoux,62,1267,2.8687,50.3022,mairie api.gouv.fr,Arras → Condé-sur-l’Escaut,1169302.3570306879,1,2,1,1,0,Au Cellier,convenience,298.0573308949755,false,false,node/10095304686;node/12995363917,https://geo.api.gouv.fr/decoupage-administratif/communes,https://www.openstreetmap.org/copyright
FR-62718,FR,62718,62718,Rœux,62,1381,2.8977,50.295,mairie api.gouv.fr,Arras → Condé-sur-l’Escaut,1172193.2033677804,1,1,1,0,0,Boulangerie Bertrand et Vanessa Chrétien,bakery,243.77819055847237,false,false,node/12919639844,https://geo.api.gouv.fr/decoupage-administratif/communes,https://www.openstreetmap.org/copyright
FR-62284,FR,62284,62284,Écourt-Saint-Quentin,62,1706,3.0681,50.2493,mairie api.gouv.fr,Arras → Condé-sur-l’Escaut,1187748.3017719896,1,1,0,0,1,Carrefour Contact,supermarket,2889.789736189676,false,true,way/246713411,https://geo.api.gouv.fr/decoupage-administratif/communes,https://www.openstreetmap.org/copyright
FR-59015,FR,59015,59015,Arleux,59,3125,3.1029,50.2798,mairie api.gouv.fr,Arras → Condé-sur-l’Escaut,1191897.5568610902,1,2,1,0,1,Boulangerie Jaspart,bakery,31.97719735156518,false,false,node/13919937201;way/110855641,https://geo.api.gouv.fr/decoupage-administratif/communes,https://www.openstreetmap.org/copyright
FR-59345,FR,59345,59345,Lewarde,59,2353,3.1671,50.3409,mairie api.gouv.fr,Arras → Condé-sur-l’Escaut,1202468.3333515576,3,1,1,0,0,Aux Délices de Lewarde,bakery,746.2592234833468,false,false,node/11032279305,https://geo.api.gouv.fr/decoupage-administratif/communes,https://www.openstreetmap.org/copyright
FR-59390,FR,59390,59390,Masny,59,3999,3.2011,50.348,mairie api.gouv.fr,Arras → Condé-sur-l’Escaut,1204670.7555373544,1,2,0,0,2,Intermarché Super,supermarket,60.28302570012927,false,false,node/4575573239;way/109489891,https://geo.api.gouv.fr/decoupage-administratif/communes,https://www.openstreetmap.org/copyright
FR-59024,FR,59024,59024,Auberchicourt,59,4626,3.2348,50.3318,mairie api.gouv.fr,Arras → Condé-sur-l’Escaut,1207842.6105731814,2,3,2,0,1,Match,supermarket,442.5408281853761,false,false,node/7490208087;node/13256142796;node/13256165175,https://geo.api.gouv.fr/decoupage-administratif/communes,https://www.openstreetmap.org/copyright
FR-59008,FR,59008,59008,Aniche,59,9963,3.2506,50.3317,mairie api.gouv.fr,Arras → Condé-sur-l’Escaut,1208048.1807710088,7,5,2,1,2,Lidl,supermarket,699.9122391221376,false,false,node/13109021596;node/13109021597;node/13256097175;way/662581890;way/943225655,https://geo.api.gouv.fr/decoupage-administratif/communes,https://www.openstreetmap.org/copyright
FR-59574,FR,59574,59574,Somain,59,11766,3.2812,50.3592,mairie api.gouv.fr,Arras → Condé-sur-l’Escaut,1212148.9637270593,3,12,4,5,3,Boulangerie Pâtisserie Morchipont,bakery,278.2870646421004,false,false,node/1443499157;node/6549554323;node/7727205587;node/7756601191;node/7756601296;node/7756601297;node/8425335822;node/13256174381;node/13810109139;node/13810352678;way/116259829;way/611850264,https://geo.api.gouv.fr/decoupage-administratif/communes,https://www.openstreetmap.org/copyright
FR-59456,FR,59456,59456,Pecquencourt,59,6092,3.2149,50.3778,mairie api.gouv.fr,Arras → Condé-sur-l’Escaut,1217454.0451580693,1,6,3,1,2,Total,convenience,1693.816254384257,false,false,node/13256210221;node/13257094275;node/13257106260;way/105857981;way/105859892;way/105861159,https://geo.api.gouv.fr/decoupage-administratif/communes,https://www.openstreetmap.org/copyright
FR-59375,FR,59375,59375,Marchiennes,59,4507,3.2817,50.408,mairie api.gouv.fr,Arras → Condé-sur-l’Escaut,1221693.5053379065,1,5,3,2,0,Au Fournil de Marchiennes,bakery,99.15181637464094,false,false,node/5964766277;node/6905973289;node/10616755077;way/110481987;way/110483572,https://geo.api.gouv.fr/decoupage-administratif/communes,https://www.openstreetmap.org/copyright
FR-59284,FR,59284,59284,Hasnon,59,3849,3.3866,50.424,mairie api.gouv.fr,Arras → Condé-sur-l’Escaut,1230540.131919544,1,1,0,0,1,Carrefour Contact,supermarket,1099.835127542348,false,false,node/11288287769,https://geo.api.gouv.fr/decoupage-administratif/communes,https://www.openstreetmap.org/copyright
FR-59632,FR,59632,59632,Wallers,59,5633,3.3918,50.3729,mairie api.gouv.fr,Arras → Condé-sur-l’Escaut,1235352.7682345866,1,2,1,0,1,Banette,bakery,3179.8403028907114,false,true,node/7452381466;node/12250155320,https://geo.api.gouv.fr/decoupage-administratif/communes,https://www.openstreetmap.org/copyright
FR-59491,FR,59491,59491,Raismes,59,12199,3.4831,50.3912,mairie api.gouv.fr,Arras → Condé-sur-l’Escaut,1241876.319996881,2,9,3,4,2,Lidl,supermarket,1647.3362481262836,false,false,node/1644132103;node/2571450147;node/5554022160;node/8750834128;node/12976462668;node/13786160672;node/13787385171;node/13824318750;way/195470225,https://geo.api.gouv.fr/decoupage-administratif/communes,https://www.openstreetmap.org/copyright
FR-59114,FR,59114,59114,Bruille-Saint-Amand,59,1698,3.5198,50.4547,mairie api.gouv.fr,Arras → Condé-sur-l’Escaut,1247471.87759718,3,1,1,0,0,Boulangerie,bakery,179.8335949549457,false,false,node/7252440386,https://geo.api.gouv.fr/decoupage-administratif/communes,https://www.openstreetmap.org/copyright
FR-59207,FR,59207,59207,Escautpont,59,4202,3.5617,50.4245,mairie api.gouv.fr,Arras → Condé-sur-l’Escaut,1247906.3093359147,1,4,2,1,1,Marcille,bakery,3086.889177864449,false,true,node/4682176970;node/10651855564;node/12958868419;way/201445192,https://geo.api.gouv.fr/decoupage-administratif/communes,https://www.openstreetmap.org/copyright
FR-59301,FR,59301,59301,Hergnies,59,4479,3.5232,50.4732,mairie api.gouv.fr,Arras → Condé-sur-l’Escaut,1252368.797157237,6,1,1,0,0,Boulangerie Pâtisserie Petyt,bakery,391.0142595227276,false,false,node/12960784853,https://geo.api.gouv.fr/decoupage-administratif/communes,https://www.openstreetmap.org/copyright
FR-59616,FR,59616,59616,Vieux-Condé,59,10617,3.5689,50.4582,mairie api.gouv.fr,Arras → Condé-sur-l’Escaut,1254462.6595568827,5,4,2,0,2,Lidl,supermarket,319.5288080200492,false,false,node/2054190982;node/2054191258;node/6533640885;way/1154078655,https://geo.api.gouv.fr/decoupage-administratif/communes,https://www.openstreetmap.org/copyright
FR-59153,FR,59153,59153,Condé-sur-l'Escaut,59,9253,3.5933,50.4486,mairie api.gouv.fr,Arras → Condé-sur-l’Escaut,1258510.847708144,2,11,4,4,3,Au Four À Bois,bakery,12.424394132792955,false,false,node/2054193286;node/6540918785;node/6679847667;node/7699819051;node/7699820174;node/8235382220;node/12682344185;node/12905999729;node/12915119511;way/200917430;way/200925402,https://geo.api.gouv.fr/decoupage-administratif/communes,https://www.openstreetmap.org/copyright
FR-59253,FR,59253,59253,Fresnes-sur-Escaut,59,7354,3.5794,50.4333,mairie api.gouv.fr,Arras → Condé-sur-l’Escaut,1258746.956972439,1,5,2,2,1,Le Fournil de l'Escaut,bakery,1421.3247931417015,false,false,node/8221743327;node/8221744720;node/12917885618;node/12917885633;way/1309421208,https://geo.api.gouv.fr/decoupage-administratif/communes,https://www.openstreetmap.org/copyright
FR-59591,FR,59591,59591,Thivencelle,59,817,3.6348,50.4396,mairie api.gouv.fr,Condé-sur-l’Escaut → Hirson,1265763.2305433636,1,1,1,0,0,Le Fournil,bakery,1013.591194355799,false,false,node/12964042560,https://geo.api.gouv.fr/decoupage-administratif/communes,https://www.openstreetmap.org/copyright
FR-59160,FR,59160,59160,Crespin,59,4532,3.6605,50.4182,mairie api.gouv.fr,Condé-sur-l’Escaut → Hirson,1270619.8916310398,2,2,1,0,1,Sans nom,bakery,308.1032079682731,false,false,node/12696303958;way/474216008,https://geo.api.gouv.fr/decoupage-administratif/communes,https://www.openstreetmap.org/copyright
BE-53039,BE,53039,,Hensies,Province du Hainaut,,3.7136946743054873,50.435803801873824,centre géographique NGI/ODWB 2025,Condé-sur-l’Escaut → Hirson,1270761.6228134653,1,4,2,1,1,Boulangerie Pâtisserie Hensitoise,bakery,1622.1664201651024,false,false,node/2489065794;node/6068439401;node/11048656286;way/320592151,https://www.odwb.be/explore/dataset/communes-gemeente-vintage-millesime-belgium/,https://www.openstreetmap.org/copyright
FR-59484,FR,59484,59484,Quiévrechain,59,5949,3.6698,50.3953,mairie api.gouv.fr,Condé-sur-l’Escaut → Hirson,1274126.6150971123,1,9,4,2,3,Ô Discount,convenience,128.82003602279502,false,false,node/12696594634;node/12982457081;node/12982648724;node/12985430245;node/12985430252;way/219865723;way/474215928;way/474215938;way/474215946,https://geo.api.gouv.fr/decoupage-administratif/communes,https://www.openstreetmap.org/copyright
BE-53083,BE,53083,,Honnelles,Province du Hainaut,,3.724700540324234,50.351489023878635,centre géographique NGI/ODWB 2025,Condé-sur-l’Escaut → Hirson,1276775.1943733704,3,2,0,2,0,Louis Delhaize,convenience,1776.6567242468539,false,false,node/9131625171;way/1341923965,https://www.odwb.be/explore/dataset/communes-gemeente-vintage-millesime-belgium/,https://www.openstreetmap.org/copyright
BE-53068,BE,53068,,Quiévrain,Province du Hainaut,,3.702459164027453,50.39583428994567,centre géographique NGI/ODWB 2025,Condé-sur-l’Escaut → Hirson,1276861.5325056412,2,4,1,2,1,Bio’pic,convenience,2464.065132205005,false,true,node/6068417256;node/10980100232;node/13090630243;way/517678215,https://www.odwb.be/explore/dataset/communes-gemeente-vintage-millesime-belgium/,https://www.openstreetmap.org/copyright
FR-59065,FR,59065,59065,Bellignies,59,810,3.7698,50.3269,mairie api.gouv.fr,Condé-sur-l’Escaut → Hirson,1288111.4456545631,1,1,0,1,0,Bellishop,convenience,266.7553584435249,false,false,node/1464445427,https://geo.api.gouv.fr/decoupage-administratif/communes,https://www.openstreetmap.org/copyright
FR-59053,FR,59053,59053,Bavay,59,3249,3.7946,50.2981,mairie api.gouv.fr,Condé-sur-l’Escaut → Hirson,1292473.5120493802,1,8,3,1,4,Les Halles Romaines,convenience,14.369659508928764,false,false,node/1464445584;node/1464446259;node/7276687178;node/13063174596;way/107547319;way/107547736;way/107548884;way/1074937720,https://geo.api.gouv.fr/decoupage-administratif/communes,https://www.openstreetmap.org/copyright
FR-59353,FR,59353,59353,Locquignol,59,301,3.7171,50.1985,mairie api.gouv.fr,Condé-sur-l’Escaut → Hirson,1308729.6451597812,2,1,1,0,0,Depôt de Pains - Matin sauf lundis,bakery,2136.074592539001,false,true,node/5653549621,https://geo.api.gouv.fr/decoupage-administratif/communes,https://www.openstreetmap.org/copyright
FR-59331,FR,59331,59331,Landrecies,59,3407,3.6916,50.1252,mairie api.gouv.fr,Condé-sur-l’Escaut → Hirson,1318923.7012683945,1,7,2,2,3,Boulangerie Mr & Mme Desprez,bakery,1334.6485029241908,false,false,node/1791274457;node/1791286469;node/1806931181;node/1812134297;way/120918527;way/183392843;way/688348189,https://geo.api.gouv.fr/decoupage-administratif/communes,https://www.openstreetmap.org/copyright
FR-59384,FR,59384,59384,Maroilles,59,1454,3.7586,50.1342,mairie api.gouv.fr,Condé-sur-l’Escaut → Hirson,1327210.3614083875,1,3,1,2,0,La mélodie du pain,bakery,10.74170787462254,false,false,node/2340298965;node/8738589684;node/9011408523,https://geo.api.gouv.fr/decoupage-administratif/communes,https://www.openstreetmap.org/copyright
FR-59036,FR,59036,59036,Avesnes-sur-Helpe,59,4012,3.9313,50.122,mairie api.gouv.fr,Condé-sur-l’Escaut → Hirson,1343799.5299816562,1,5,2,2,1,Boulangerie L'Avesnoise,bakery,13.843474200346604,false,false,node/461156501;node/1808537004;node/2340132259;node/12890454901;node/14016969922,https://geo.api.gouv.fr/decoupage-administratif/communes,https://www.openstreetmap.org/copyright
FR-59035,FR,59035,59035,Avesnelles,59,2232,3.9476,50.1182,mairie api.gouv.fr,Condé-sur-l’Escaut → Hirson,1345392.5286305516,1,4,1,1,2,Aldi,supermarket,59.44609088275358,false,false,node/461209713;node/4212634691;way/77109902;way/1220090929,https://geo.api.gouv.fr/decoupage-administratif/communes,https://www.openstreetmap.org/copyright
FR-59078,FR,59078,59078,Beugnies,59,599,4.0144,50.1615,mairie api.gouv.fr,Condé-sur-l’Escaut → Hirson,1350175.4638331062,4,2,1,0,1,Sans nom,bakery,61.34297246501182,false,false,node/4209054190;node/9752129614,https://geo.api.gouv.fr/decoupage-administratif/communes,https://www.openstreetmap.org/copyright
FR-59226,FR,59226,59226,Felleries,59,1433,4.0255,50.1433,mairie api.gouv.fr,Condé-sur-l’Escaut → Hirson,1350255.0879777293,6,2,1,1,0,CocciMarket,convenience,1779.3739911609923,false,false,node/6161624307;way/84580755,https://geo.api.gouv.fr/decoupage-administratif/communes,https://www.openstreetmap.org/copyright
FR-59555,FR,59555,59555,Sars-Poteries,59,1402,4.0268,50.1699,mairie api.gouv.fr,Condé-sur-l’Escaut → Hirson,1354427.0157428167,2,1,0,0,1,Carrefour Contact,supermarket,290.1162806291487,false,false,node/4330613590,https://geo.api.gouv.fr/decoupage-administratif/communes,https://www.openstreetmap.org/copyright
FR-59572,FR,59572,59572,Solre-le-Château,59,1796,4.0921,50.1742,mairie api.gouv.fr,Condé-sur-l’Escaut → Hirson,1359240.8229148258,1,3,1,1,1,Carrefour Contact,supermarket,615.3050395159339,false,false,node/4549157036;node/7632392602;way/71045253,https://geo.api.gouv.fr/decoupage-administratif/communes,https://www.openstreetmap.org/copyright
FR-59347,FR,59347,59347,Liessies,59,527,4.082,50.117,mairie api.gouv.fr,Condé-sur-l’Escaut → Hirson,1366269.8472669905,1,2,0,2,0,AU Petit Commerce,convenience,370.7544424814115,false,false,node/462749262;node/8992355118,https://geo.api.gouv.fr/decoupage-administratif/communes,https://www.openstreetmap.org/copyright
FR-59601,FR,59601,59601,Trélon,59,2604,4.1036,50.0592,mairie api.gouv.fr,Condé-sur-l’Escaut → Hirson,1369785.1188878892,6,2,1,1,0,Carrefour Contact,convenience,5453.916101295205,false,true,node/4198711598;way/89083729,https://geo.api.gouv.fr/decoupage-administratif/communes,https://www.openstreetmap.org/copyright
FR-59198,FR,59198,59198,Eppe-Sauvage,59,237,4.1789,50.1203,mairie api.gouv.fr,Condé-sur-l’Escaut → Hirson,1372170.4554445997,3,4,1,3,0,Boulangerie L'Éppoise,bakery,321.68989420246857,false,false,node/7128266470;way/82629146;way/82629147;way/82938584,https://geo.api.gouv.fr/decoupage-administratif/communes,https://www.openstreetmap.org/copyright
BE-56051,BE,56051,,Momignies,Province du Hainaut,,4.217491178669248,50.00254792951312,centre géographique NGI/ODWB 2025,Condé-sur-l’Escaut → Hirson,1390930.1609150686,1,5,2,1,2,Snauwaert et Fils,bakery,106.83580181415965,false,false,node/10946329071;node/11764590575;way/421146451;way/709553200;way/711003203,https://www.odwb.be/explore/dataset/communes-gemeente-vintage-millesime-belgium/,https://www.openstreetmap.org/copyright
FR-59012,FR,59012,59012,Anor,59,3099,4.1019,49.9916,mairie api.gouv.fr,Condé-sur-l’Escaut → Hirson,1392004.296187258,2,3,2,0,1,Boulangerie Banette,bakery,1215.0869570825562,false,false,node/3239821757;node/7632392605;node/7632407189,https://geo.api.gouv.fr/decoupage-administratif/communes,https://www.openstreetmap.org/copyright
